instant,dteday,season,yr,mnth,holiday,weekday,workingday,weathersit,temp,atemp,hum,windspeed,casual,registered,cnt
1,2011-01-01,1,0,1,0,6,0,2,34,36,81,16,331,654,985
2,2011-01-02,1,0,1,0,0,0,2,36,35,70,25,131,670,801
3,2011-01-03,1,0,1,0,1,1,1,20,19,44,25,120,1229,1349
4,2011-01-04,1,0,1,0,2,1,1,20,21,59,16,108,1454,1562
5,2011-01-05,1,0,1,0,3,1,1,23,23,44,19,82,1518,1600
6,2011-01-06,1,0,1,0,4,1,1,20,23,52,9,88,1518,1606
7,2011-01-07,1,0,1,0,5,1,2,20,21,50,17,148,1362,1510
8,2011-01-08,1,0,1,0,6,0,2,16,16,54,27,68,891,959
9,2011-01-09,1,0,1,0,0,0,1,14,12,43,36,54,768,822
10,2011-01-10,1,0,1,0,1,1,1,15,15,48,22,41,1280,1321
11,2011-01-11,1,0,1,0,2,1,2,17,19,69,12,43,1220,1263
12,2011-01-12,1,0,1,0,3,1,1,17,16,60,30,25,1137,1162
13,2011-01-13,1,0,1,0,4,1,1,16,15,47,30,38,1368,1406
14,2011-01-14,1,0,1,0,5,1,1,16,19,54,13,54,1367,1421
15,2011-01-15,1,0,1,0,6,0,2,23,25,50,16,222,1026,1248
16,2011-01-16,1,0,1,0,0,0,1,23,23,48,19,251,953,1204
17,2011-01-17,1,0,1,1,1,0,2,18,18,54,19,117,883,1000
18,2011-01-18,1,0,1,0,2,1,2,22,23,86,15,9,674,683
19,2011-01-19,1,0,1,0,3,1,2,29,30,74,21,78,1572,1650
20,2011-01-20,1,0,1,0,4,1,2,26,26,54,20,83,1844,1927
21,2011-01-21,1,0,1,0,5,1,1,18,16,46,35,75,1468,1543
22,2011-01-22,1,0,1,0,6,0,1,6,8,40,17,93,888,981
23,2011-01-23,1,0,1,0,0,0,1,10,10,44,25,150,836,986
24,2011-01-24,1,0,1,0,1,1,1,10,12,49,16,86,1330,1416
25,2011-01-25,1,0,1,0,2,1,2,22,23,62,13,186,1799,1985
26,2011-01-26,1,0,1,0,3,1,3,22,20,86,29,34,472,506
27,2011-01-27,1,0,1,0,4,1,1,20,22,69,11,15,416,431
28,2011-01-28,1,0,1,0,5,1,2,20,22,79,12,38,1129,1167
29,2011-01-29,1,0,1,0,6,0,1,20,21,65,15,123,975,1098
30,2011-01-30,1,0,1,0,0,0,1,22,25,72,7,140,956,1096
31,2011-01-31,1,0,1,0,1,1,2,18,19,60,19,42,1459,1501
32,2011-02-01,1,0,2,0,2,1,2,19,23,83,5,47,1313,1360
33,2011-02-02,1,0,2,0,3,1,2,26,25,78,26,72,1454,1526
34,2011-02-03,1,0,2,0,4,1,1,19,18,44,28,61,1489,1550
35,2011-02-04,1,0,2,0,5,1,2,21,23,59,13,88,1620,1708
36,2011-02-05,1,0,2,0,6,0,2,23,24,93,16,100,905,1005
37,2011-02-06,1,0,2,0,0,0,1,29,29,57,14,354,1269,1623
38,2011-02-07,1,0,2,0,1,1,1,27,30,74,5,120,1592,1712
39,2011-02-08,1,0,2,0,2,1,1,22,20,54,36,64,1466,1530
40,2011-02-09,1,0,2,0,3,1,2,13,14,49,19,53,1552,1605
41,2011-02-10,1,0,2,0,4,1,1,14,15,44,22,47,1491,1538
42,2011-02-11,1,0,2,0,5,1,1,19,21,51,11,149,1597,1746
43,2011-02-12,1,0,2,0,6,0,1,22,23,54,20,288,1184,1472
44,2011-02-13,1,0,2,0,0,0,1,32,32,46,26,397,1192,1589
45,2011-02-14,1,0,2,0,1,1,1,42,40,38,42,208,1705,1913
46,2011-02-15,1,0,2,0,2,1,1,27,25,31,29,140,1675,1815
47,2011-02-16,1,0,2,0,3,1,1,32,32,42,25,218,1897,2115
48,2011-02-17,1,0,2,0,4,1,1,44,43,50,23,259,2216,2475
49,2011-02-18,1,0,2,0,5,1,1,52,51,52,26,579,2348,2927
50,2011-02-19,1,0,2,0,6,0,1,40,39,19,51,532,1103,1635
51,2011-02-20,1,0,2,0,0,0,1,29,28,41,22,639,1173,1812
52,2011-02-21,1,0,2,1,1,0,2,30,28,60,31,195,912,1107
53,2011-02-22,1,0,2,0,2,1,1,18,19,58,20,74,1376,1450
54,2011-02-23,1,0,2,0,3,1,1,22,25,42,9,139,1778,1917
55,2011-02-24,1,0,2,0,4,1,2,30,29,70,25,100,1707,1807
56,2011-02-25,1,0,2,0,5,1,2,36,35,71,35,120,1341,1461
57,2011-02-26,1,0,2,0,6,0,1,28,28,54,19,424,1545,1969
58,2011-02-27,1,0,2,0,0,0,1,34,35,68,13,694,1708,2402
59,2011-02-28,1,0,2,0,1,1,2,41,40,88,29,81,1365,1446
60,2011-03-01,1,0,3,0,2,1,1,27,26,54,22,137,1714,1851
61,2011-03-02,1,0,3,0,3,1,1,34,32,45,31,231,1903,2134
62,2011-03-03,1,0,3,0,4,1,1,20,20,32,23,123,1562,1685
63,2011-03-04,1,0,3,0,5,1,2,26,26,61,20,214,1730,1944
64,2011-03-05,1,0,3,0,6,0,2,38,38,79,25,640,1437,2077
65,2011-03-06,1,0,3,0,0,0,2,38,37,95,34,114,491,605
66,2011-03-07,1,0,3,0,1,1,1,26,24,55,34,244,1628,1872
67,2011-03-08,1,0,3,0,2,1,1,29,30,42,12,316,1817,2133
68,2011-03-09,1,0,3,0,3,1,2,30,29,78,22,191,1700,1891
69,2011-03-10,1,0,3,0,4,1,3,39,39,0,26,46,577,623
70,2011-03-11,1,0,3,0,5,1,2,32,30,65,23,247,1730,1977
71,2011-03-12,1,0,3,0,6,0,1,33,33,59,22,724,1408,2132
72,2011-03-13,1,0,3,0,0,0,1,38,38,53,27,982,1435,2417
73,2011-03-14,1,0,3,0,1,1,1,33,33,50,14,359,1687,2046
74,2011-03-15,1,0,3,0,2,1,2,32,32,66,18,289,1767,2056
75,2011-03-16,1,0,3,0,3,1,2,37,37,78,20,321,1871,2192
76,2011-03-17,1,0,3,0,4,1,1,42,41,60,21,424,2320,2744
77,2011-03-18,1,0,3,0,5,1,1,54,53,53,23,884,2355,3239
78,2011-03-19,1,0,3,0,6,0,1,47,47,38,37,1424,1693,3117
79,2011-03-20,1,0,3,0,0,0,1,33,33,47,21,1047,1424,2471
80,2011-03-21,2,0,3,0,1,1,2,43,41,74,29,401,1676,2077
81,2011-03-22,2,0,3,0,2,1,1,44,44,62,23,460,2243,2703
82,2011-03-23,2,0,3,0,3,1,2,35,34,84,23,203,1918,2121
83,2011-03-24,2,0,3,0,4,1,2,28,27,81,24,166,1699,1865
84,2011-03-25,2,0,3,0,5,1,1,26,26,50,23,300,1910,2210
85,2011-03-26,2,0,3,0,6,0,1,27,26,39,21,981,1515,2496
86,2011-03-27,2,0,3,0,0,0,2,25,25,49,18,472,1221,1693
87,2011-03-28,2,0,3,0,1,1,1,26,26,30,21,222,1806,2028
88,2011-03-29,2,0,3,0,2,1,1,30,29,31,23,317,2108,2425
89,2011-03-30,2,0,3,0,3,1,2,30,30,65,17,168,1368,1536
90,2011-03-31,2,0,3,0,4,1,3,27,26,92,22,179,1506,1685
91,2011-04-01,2,0,4,0,5,1,2,30,28,69,26,307,1920,2227
92,2011-04-02,2,0,4,0,6,0,2,32,32,65,20,898,1354,2252
93,2011-04-03,2,0,4,0,0,0,1,38,38,48,18,1651,1598,3249
94,2011-04-04,2,0,4,0,1,1,1,57,54,43,39,734,2381,3115
95,2011-04-05,2,0,4,0,2,1,2,41,40,64,39,167,1628,1795
96,2011-04-06,2,0,4,0,3,1,1,39,39,47,26,413,2395,2808
97,2011-04-07,2,0,4,0,4,1,1,44,43,60,16,571,2570,3141
98,2011-04-08,2,0,4,0,5,1,2,34,32,84,23,172,1299,1471
99,2011-04-09,2,0,4,0,6,0,2,34,34,88,13,879,1576,2455
100,2011-04-10,2,0,4,0,0,0,2,43,43,86,15,1188,1707,2895
101,2011-04-11,2,0,4,0,1,1,2,60,57,72,32,855,2493,3348
102,2011-04-12,2,0,4,0,2,1,2,50,49,74,27,257,1777,2034
103,2011-04-13,2,0,4,0,3,1,2,41,42,82,25,209,1953,2162
104,2011-04-14,2,0,4,0,4,1,1,47,46,54,11,529,2738,3267
105,2011-04-15,2,0,4,1,5,0,1,45,44,67,23,642,2484,3126
106,2011-04-16,2,0,4,0,6,0,3,43,43,89,34,121,674,795
107,2011-04-17,2,0,4,0,0,0,1,46,45,48,30,1558,2186,3744
108,2011-04-18,2,0,4,0,1,1,1,51,50,54,16,669,2760,3429
109,2011-04-19,2,0,4,0,2,1,2,51,49,67,16,409,2795,3204
110,2011-04-20,2,0,4,0,3,1,1,60,56,61,24,613,3331,3944
111,2011-04-21,2,0,4,0,4,1,1,46,45,41,33,745,3444,4189
112,2011-04-22,2,0,4,0,5,1,2,34,32,73,22,177,1506,1683
113,2011-04-23,2,0,4,0,6,0,2,46,45,89,23,1462,2574,4036
114,2011-04-24,2,0,4,0,0,0,2,58,55,81,19,1710,2481,4191
115,2011-04-25,2,0,4,0,1,1,1,61,57,78,19,773,3300,4073
116,2011-04-26,2,0,4,0,2,1,1,63,59,73,33,678,3722,4400
117,2011-04-27,2,0,4,0,3,1,2,62,58,84,31,547,3325,3872
118,2011-04-28,2,0,4,0,4,1,2,62,58,70,32,569,3489,4058
119,2011-04-29,2,0,4,0,5,1,1,51,50,46,24,878,3717,4595
120,2011-04-30,2,0,4,0,6,0,1,47,46,50,24,1965,3347,5312
121,2011-05-01,2,0,5,0,0,0,2,45,45,76,11,1138,2213,3351
122,2011-05-02,2,0,5,0,1,1,2,55,53,73,18,847,3554,4401
123,2011-05-03,2,0,5,0,2,1,2,62,58,70,34,603,3848,4451
124,2011-05-04,2,0,5,0,3,1,2,41,40,74,33,255,2378,2633
125,2011-05-05,2,0,5,0,4,1,1,46,44,44,30,614,3819,4433
126,2011-05-06,2,0,5,0,5,1,1,48,47,59,23,894,3714,4608
127,2011-05-07,2,0,5,0,6,0,1,52,51,54,16,1612,3102,4714
128,2011-05-08,2,0,5,0,0,0,1,53,52,63,7,1401,2932,4333
129,2011-05-09,2,0,5,0,1,1,1,53,53,59,18,664,3698,4362
130,2011-05-10,2,0,5,0,2,1,1,53,52,49,12,694,4109,4803
131,2011-05-11,2,0,5,0,3,1,1,54,53,63,12,550,3632,4182
132,2011-05-12,2,0,5,0,4,1,1,54,52,75,19,695,4169,4864
133,2011-05-13,2,0,5,0,5,1,2,51,49,86,18,692,3413,4105
134,2011-05-14,2,0,5,0,6,0,2,52,50,92,13,902,2507,3409
135,2011-05-15,2,0,5,0,0,0,2,56,54,87,15,1582,2971,4553
136,2011-05-16,2,0,5,0,1,1,1,58,55,79,13,773,3185,3958
137,2011-05-17,2,0,5,0,2,1,2,56,54,84,28,678,3445,4123
138,2011-05-18,2,0,5,0,3,1,2,55,53,87,20,536,3319,3855
139,2011-05-19,2,0,5,0,4,1,2,53,51,83,11,735,3840,4575
140,2011-05-20,2,0,5,0,5,1,1,54,53,72,13,909,4008,4917
141,2011-05-21,2,0,5,0,6,0,1,60,57,63,12,2258,3547,5805
142,2011-05-22,2,0,5,0,0,0,1,60,57,75,15,1576,3084,4660
143,2011-05-23,2,0,5,0,1,1,2,63,59,81,23,836,3438,4274
144,2011-05-24,2,0,5,0,2,1,2,66,60,74,21,659,3833,4492
145,2011-05-25,2,0,5,0,3,1,1,66,62,70,15,740,4238,4978
146,2011-05-26,2,0,5,0,4,1,1,71,65,68,20,758,3919,4677
147,2011-05-27,2,0,5,0,5,1,1,68,64,65,24,871,3808,4679
148,2011-05-28,2,0,5,0,6,0,1,66,61,73,23,2001,2757,4758
149,2011-05-29,2,0,5,0,0,0,1,67,62,82,21,2355,2433,4788
150,2011-05-30,2,0,5,1,1,0,1,73,67,68,13,1549,2549,4098
151,2011-05-31,2,0,5,0,2,1,1,78,73,64,11,673,3309,3982
152,2011-06-01,2,0,6,0,3,1,2,76,72,68,21,513,3461,3974
153,2011-06-02,2,0,6,0,4,1,1,72,64,30,29,736,4232,4968
154,2011-06-03,2,0,6,0,5,1,1,62,59,35,25,898,4414,5312
155,2011-06-04,2,0,6,0,6,0,1,64,59,46,12,1869,3473,5342
156,2011-06-05,2,0,6,0,0,0,2,65,62,65,14,1685,3221,4906
157,2011-06-06,2,0,6,0,1,1,1,68,62,60,12,673,3875,4548
158,2011-06-07,2,0,6,0,2,1,1,71,66,60,19,763,4070,4833
159,2011-06-08,2,0,6,0,3,1,1,78,73,62,14,676,3725,4401
160,2011-06-09,2,0,6,0,4,1,2,81,76,57,15,563,3352,3915
161,2011-06-10,2,0,6,0,5,1,1,76,70,60,14,815,3771,4586
162,2011-06-11,2,0,6,0,6,0,1,72,68,65,15,1729,3237,4966
163,2011-06-12,2,0,6,0,0,0,1,69,64,75,16,1467,2993,4460
164,2011-06-13,2,0,6,0,1,1,1,64,60,49,31,863,4157,5020
165,2011-06-14,2,0,6,0,2,1,1,60,59,51,27,727,4164,4891
166,2011-06-15,2,0,6,0,3,1,1,63,59,47,17,769,4411,5180
167,2011-06-16,2,0,6,0,4,1,2,63,60,69,21,545,3222,3767
168,2011-06-17,2,0,6,0,5,1,1,65,60,74,14,863,3981,4844
169,2011-06-18,2,0,6,0,6,0,1,70,64,67,12,1807,3312,5119
170,2011-06-19,2,0,6,0,0,0,2,70,65,67,10,1639,3105,4744
171,2011-06-20,2,0,6,0,1,1,2,64,60,75,16,699,3311,4010
172,2011-06-21,3,0,6,0,2,1,2,68,64,77,17,774,4061,4835
173,2011-06-22,3,0,6,0,3,1,1,73,69,71,17,661,3846,4507
174,2011-06-23,3,0,6,0,4,1,2,73,69,70,24,746,4044,4790
175,2011-06-24,3,0,6,0,5,1,1,72,66,57,22,969,4022,4991
176,2011-06-25,3,0,6,0,6,0,1,70,64,48,21,1782,3420,5202
177,2011-06-26,3,0,6,0,0,0,1,68,64,51,9,1920,3385,5305
178,2011-06-27,3,0,6,0,1,1,2,68,64,66,11,854,3854,4708
179,2011-06-28,3,0,6,0,2,1,1,74,69,63,14,732,3916,4648
180,2011-06-29,3,0,6,0,3,1,1,73,65,50,26,848,4377,5225
181,2011-06-30,3,0,6,0,4,1,1,70,64,43,19,1027,4488,5515
182,2011-07-01,3,0,7,0,5,1,1,72,65,40,10,1246,4116,5362
183,2011-07-02,3,0,7,0,6,0,1,74,67,44,12,2204,2915,5119
184,2011-07-03,3,0,7,0,0,0,2,72,67,68,23,2282,2367,4649
185,2011-07-04,3,0,7,1,1,0,2,73,67,64,8,3065,2978,6043
186,2011-07-05,3,0,7,0,2,1,1,75,70,59,13,1031,3634,4665
187,2011-07-06,3,0,7,0,3,1,1,72,69,74,15,784,3845,4629
188,2011-07-07,3,0,7,0,4,1,1,75,69,65,16,754,3838,4592
189,2011-07-08,3,0,7,0,5,1,2,71,67,76,23,692,3348,4040
190,2011-07-09,3,0,7,0,6,0,1,73,66,61,17,1988,3348,5336
191,2011-07-10,3,0,7,0,0,0,1,75,69,58,18,1743,3138,4881
192,2011-07-11,3,0,7,0,1,1,1,76,73,64,28,723,3363,4086
193,2011-07-12,3,0,7,0,2,1,1,79,74,56,20,662,3596,4258
194,2011-07-13,3,0,7,0,3,1,1,75,69,63,15,748,3594,4342
195,2011-07-14,3,0,7,0,4,1,1,68,64,48,24,888,4196,5084
196,2011-07-15,3,0,7,0,5,1,1,66,62,59,18,1318,4220,5538
197,2011-07-16,3,0,7,0,6,0,1,69,64,58,21,2418,3505,5923
198,2011-07-17,3,0,7,0,0,0,1,72,67,60,25,2006,3296,5302
199,2011-07-18,3,0,7,0,1,1,1,75,70,65,22,841,3617,4458
200,2011-07-19,3,0,7,0,2,1,1,78,75,65,13,752,3789,4541
201,2011-07-20,3,0,7,0,3,1,1,77,75,71,11,644,3688,4332
202,2011-07-21,3,0,7,0,4,1,2,82,83,69,22,632,3152,3784
203,2011-07-22,3,0,7,0,5,1,1,85,84,58,13,562,2825,3387
204,2011-07-23,3,0,7,0,6,0,1,85,80,50,13,987,2298,3285
205,2011-07-24,3,0,7,0,0,0,1,83,79,55,17,1050,2556,3606
206,2011-07-25,3,0,7,0,1,1,1,74,72,76,9,568,3272,3840
207,2011-07-26,3,0,7,0,2,1,1,77,70,54,20,750,3840,4590
208,2011-07-27,3,0,7,0,3,1,1,78,69,40,18,755,3901,4656
209,2011-07-28,3,0,7,0,4,1,1,78,74,58,18,606,3784,4390
210,2011-07-29,3,0,7,0,5,1,1,84,79,54,17,670,3176,3846
211,2011-07-30,3,0,7,0,6,0,1,80,73,47,17,1559,2916,4475
212,2011-07-31,3,0,7,0,0,0,1,81,73,48,16,1524,2778,4302
213,2011-08-01,3,0,8,0,1,1,1,77,70,55,16,729,3537,4266
214,2011-08-02,3,0,8,0,2,1,1,78,71,49,21,801,4044,4845
215,2011-08-03,3,0,8,0,3,1,2,73,68,66,14,467,3107,3574
216,2011-08-04,3,0,8,0,4,1,2,71,66,76,20,799,3777,4576
217,2011-08-05,3,0,8,0,5,1,1,71,66,63,18,1023,3843,4866
218,2011-08-06,3,0,8,0,6,0,2,72,68,76,23,1521,2773,4294
219,2011-08-07,3,0,8,0,0,0,1,74,72,75,20,1298,2487,3785
220,2011-08-08,3,0,8,0,1,1,1,76,70,59,19,846,3480,4326
221,2011-08-09,3,0,8,0,2,1,1,78,72,57,15,907,3695,4602
222,2011-08-10,3,0,8,0,3,1,1,77,68,42,20,884,3896,4780
223,2011-08-11,3,0,8,0,4,1,1,72,65,42,16,812,3980,4792
224,2011-08-12,3,0,8,0,5,1,1,71,65,42,13,1051,3854,4905
225,2011-08-13,3,0,8,0,6,0,2,69,65,73,21,1504,2646,4150
226,2011-08-14,3,0,8,0,0,0,2,68,62,82,22,1338,2482,3820
227,2011-08-15,3,0,8,0,1,1,1,67,62,71,21,775,3563,4338
228,2011-08-16,3,0,8,0,2,1,1,70,65,58,24,721,4004,4725
229,2011-08-17,3,0,8,0,3,1,1,72,67,58,14,668,4026,4694
230,2011-08-18,3,0,8,0,4,1,1,71,66,65,23,639,3166,3805
231,2011-08-19,3,0,8,0,5,1,2,68,63,72,14,797,3356,4153
232,2011-08-20,3,0,8,0,6,0,1,70,65,67,10,1914,3277,5191
233,2011-08-21,3,0,8,0,0,0,1,71,68,77,25,1249,2624,3873
234,2011-08-22,3,0,8,0,1,1,1,69,64,47,28,833,3925,4758
235,2011-08-23,3,0,8,0,2,1,1,64,61,46,15,1281,4614,5895
236,2011-08-24,3,0,8,0,3,1,1,67,63,60,25,949,4181,5130
237,2011-08-25,3,0,8,0,4,1,2,68,65,77,21,435,3107,3542
238,2011-08-26,3,0,8,0,5,1,1,70,66,76,8,768,3893,4661
239,2011-08-27,3,0,8,0,6,0,2,68,64,85,38,226,889,1115
240,2011-08-28,3,0,8,0,0,0,1,71,65,56,30,1415,2919,4334
241,2011-08-29,3,0,8,0,1,1,1,64,61,55,16,729,3905,4634
242,2011-08-30,3,0,8,0,2,1,1,64,59,55,13,775,4429,5204
243,2011-08-31,3,0,8,0,3,1,1,66,61,60,8,688,4370,5058
244,2011-09-01,3,0,9,0,4,1,1,66,61,64,14,783,4332,5115
245,2011-09-02,3,0,9,0,5,1,2,64,60,73,14,875,3852,4727
246,2011-09-03,3,0,9,0,6,0,1,67,63,72,19,1935,2549,4484
247,2011-09-04,3,0,9,0,0,0,1,71,67,74,21,2521,2419,4940
248,2011-09-05,3,0,9,1,1,0,2,67,63,79,21,1236,2115,3351
249,2011-09-06,3,0,9,0,2,1,3,54,52,89,34,204,2506,2710
250,2011-09-07,3,0,9,0,3,1,3,60,54,92,10,118,1878,1996
251,2011-09-08,3,0,9,0,4,1,3,63,56,94,19,153,1689,1842
252,2011-09-09,3,0,9,0,5,1,2,65,58,90,12,417,3127,3544
253,2011-09-10,3,0,9,0,6,0,1,66,61,75,15,1750,3595,5345
254,2011-09-11,3,0,9,0,0,0,1,65,61,71,12,1633,3413,5046
255,2011-09-12,3,0,9,0,1,1,1,64,60,69,9,690,4023,4713
256,2011-09-13,3,0,9,0,2,1,1,65,60,71,14,701,4062,4763
257,2011-09-14,3,0,9,0,3,1,1,67,63,70,17,647,4138,4785
258,2011-09-15,3,0,9,0,4,1,2,58,55,71,27,428,3231,3659
259,2011-09-16,3,0,9,0,5,1,2,47,46,59,16,742,4018,4760
260,2011-09-17,3,0,9,0,6,0,2,49,48,72,19,1434,3077,4511
261,2011-09-18,3,0,9,0,0,0,1,51,49,70,18,1353,2921,4274
262,2011-09-19,3,0,9,0,1,1,2,55,53,69,15,691,3848,4539
263,2011-09-20,3,0,9,0,2,1,2,56,53,88,13,438,3203,3641
264,2011-09-21,3,0,9,0,3,1,2,60,55,90,10,539,3813,4352
265,2011-09-22,3,0,9,0,4,1,2,63,55,90,13,555,4240,4795
266,2011-09-23,4,0,9,0,5,1,2,61,52,97,8,258,2137,2395
267,2011-09-24,4,0,9,0,6,0,2,61,56,86,8,1776,3647,5423
268,2011-09-25,4,0,9,0,0,0,2,63,57,84,5,1544,3466,5010
269,2011-09-26,4,0,9,0,1,1,2,65,59,85,11,684,3946,4630
270,2011-09-27,4,0,9,0,2,1,2,64,57,89,12,477,3643,4120
271,2011-09-28,4,0,9,0,3,1,2,64,58,85,15,480,3427,3907
272,2011-09-29,4,0,9,0,4,1,1,62,57,70,17,653,4186,4839
273,2011-09-30,4,0,9,0,5,1,1,56,54,65,21,830,4372,5202
274,2011-10-01,4,0,10,0,6,0,2,41,41,75,29,480,1949,2429
275,2011-10-02,4,0,10,0,0,0,2,36,35,79,22,616,2302,2918
276,2011-10-03,4,0,10,0,1,1,2,38,39,76,8,330,3240,3570
277,2011-10-04,4,0,10,0,2,1,1,48,47,71,21,486,3970,4456
278,2011-10-05,4,0,10,0,3,1,1,54,53,65,18,559,4267,4826
279,2011-10-06,4,0,10,0,4,1,1,49,48,62,13,639,4126,4765
280,2011-10-07,4,0,10,0,5,1,1,51,50,68,2,949,4036,4985
281,2011-10-08,4,0,10,0,6,0,1,52,51,70,5,2235,3174,5409
282,2011-10-09,4,0,10,0,0,0,1,54,52,73,6,2397,3114,5511
283,2011-10-10,4,0,10,1,1,0,1,57,54,73,4,1514,3603,5117
284,2011-10-11,4,0,10,0,2,1,2,57,55,81,14,667,3896,4563
285,2011-10-12,4,0,10,0,3,1,3,54,52,91,25,217,2199,2416
286,2011-10-13,4,0,10,0,4,1,2,59,55,90,14,290,2623,2913
287,2011-10-14,4,0,10,0,5,1,2,55,53,72,22,529,3115,3644
288,2011-10-15,4,0,10,0,6,0,1,51,50,48,26,1899,3318,5217
289,2011-10-16,4,0,10,0,0,0,1,51,50,49,28,1748,3293,5041
290,2011-10-17,4,0,10,0,1,1,1,53,51,58,18,713,3857,4570
291,2011-10-18,4,0,10,0,2,1,2,53,52,70,11,637,4111,4748
292,2011-10-19,4,0,10,0,3,1,3,54,51,90,24,254,2170,2424
293,2011-10-20,4,0,10,0,4,1,1,48,47,64,42,471,3724,4195
294,2011-10-21,4,0,10,0,5,1,1,43,42,57,22,676,3628,4304
295,2011-10-22,4,0,10,0,6,0,1,42,43,63,9,1499,2809,4308
296,2011-10-23,4,0,10,0,0,0,1,42,42,74,10,1619,2762,4381
297,2011-10-24,4,0,10,0,1,1,1,46,46,77,12,699,3488,4187
298,2011-10-25,4,0,10,0,2,1,1,47,46,62,17,695,3992,4687
299,2011-10-26,4,0,10,0,3,1,2,48,47,72,15,404,3490,3894
300,2011-10-27,4,0,10,0,4,1,2,47,46,81,20,240,2419,2659
301,2011-10-28,4,0,10,0,5,1,2,33,32,59,23,456,3291,3747
302,2011-10-29,4,0,10,0,6,0,3,25,23,88,35,57,570,627
303,2011-10-30,4,0,10,0,0,0,1,32,32,62,18,885,2446,3331
304,2011-10-31,4,0,10,0,1,1,1,34,36,70,11,362,3307,3669
305,2011-11-01,4,0,11,0,2,1,1,40,40,68,14,410,3658,4068
306,2011-11-02,4,0,11,0,3,1,1,38,39,72,8,370,3816,4186
307,2011-11-03,4,0,11,0,4,1,1,41,41,70,14,318,3656,3974
308,2011-11-04,4,0,11,0,5,1,2,40,40,62,27,470,3576,4046
309,2011-11-05,4,0,11,0,6,0,1,33,32,52,19,1156,2770,3926
310,2011-11-06,4,0,11,0,0,0,1,35,36,73,9,952,2697,3649
311,2011-11-07,4,0,11,0,1,1,1,40,40,76,6,373,3662,4035
312,2011-11-08,4,0,11,0,2,1,1,41,41,72,7,376,3829,4205
313,2011-11-09,4,0,11,0,3,1,1,40,41,76,6,305,3804,4109
314,2011-11-10,4,0,11,0,4,1,2,38,37,81,19,190,2743,2933
315,2011-11-11,4,0,11,1,5,0,1,32,31,45,31,440,2928,3368
316,2011-11-12,4,0,11,0,6,0,1,36,36,55,21,1275,2792,4067
317,2011-11-13,4,0,11,0,0,0,1,44,43,46,28,1004,2713,3717
318,2011-11-14,4,0,11,0,1,1,1,53,52,59,31,595,3891,4486
319,2011-11-15,4,0,11,0,2,1,2,53,51,69,20,449,3746,4195
320,2011-11-16,4,0,11,0,3,1,3,46,45,93,14,145,1672,1817
321,2011-11-17,4,0,11,0,4,1,2,34,32,58,31,139,2914,3053
322,2011-11-18,4,0,11,0,5,1,1,27,27,41,17,245,3147,3392
323,2011-11-19,4,0,11,0,6,0,1,33,32,50,22,943,2720,3663
324,2011-11-20,4,0,11,0,0,0,2,46,46,68,19,787,2733,3520
325,2011-11-21,4,0,11,0,1,1,3,45,45,91,14,220,2545,2765
326,2011-11-22,4,0,11,0,2,1,3,42,42,96,12,69,1538,1607
327,2011-11-23,4,0,11,0,3,1,2,44,43,76,34,112,2454,2566
328,2011-11-24,4,0,11,1,4,0,1,37,37,55,17,560,935,1495
329,2011-11-25,4,0,11,0,5,1,1,38,38,64,10,1095,1697,2792
330,2011-11-26,4,0,11,0,6,0,1,38,39,68,7,1249,1819,3068
331,2011-11-27,4,0,11,0,0,0,1,46,46,70,21,810,2261,3071
332,2011-11-28,4,0,11,0,1,1,1,50,49,74,14,253,3614,3867
333,2011-11-29,4,0,11,0,2,1,2,46,45,83,26,96,2818,2914
334,2011-11-30,4,0,11,0,3,1,1,32,31,61,27,188,3425,3613
335,2011-12-01,4,0,12,0,4,1,1,31,31,52,22,182,3545,3727
336,2011-12-02,4,0,12,0,5,1,1,31,33,63,10,268,3672,3940
337,2011-12-03,4,0,12,0,6,0,1,30,31,61,10,706,2908,3614
338,2011-12-04,4,0,12,0,0,0,1,33,35,78,8,634,2851,3485
339,2011-12-05,4,0,12,0,1,1,2,39,39,83,6,233,3578,3811
340,2011-12-06,4,0,12,0,2,1,3,46,46,95,23,126,2468,2594
341,2011-12-07,4,0,12,0,3,1,3,41,40,97,27,50,655,705
342,2011-12-08,4,0,12,0,4,1,1,27,26,58,24,150,3172,3322
343,2011-12-09,4,0,12,0,5,1,1,29,32,70,8,261,3359,3620
344,2011-12-10,4,0,12,0,6,0,1,28,27,51,23,502,2688,3190
345,2011-12-11,4,0,12,0,0,0,1,22,25,49,7,377,2366,2743
346,2011-12-12,4,0,12,0,1,1,1,24,27,67,6,143,3167,3310
347,2011-12-13,4,0,12,0,2,1,1,28,30,59,14,155,3368,3523
348,2011-12-14,4,0,12,0,3,1,2,32,34,66,6,178,3562,3740
349,2011-12-15,4,0,12,0,4,1,2,42,41,63,27,181,3528,3709
350,2011-12-16,4,0,12,0,5,1,2,38,36,50,26,178,3399,3577
351,2011-12-17,4,0,12,0,6,0,2,26,25,56,24,275,2464,2739
352,2011-12-18,4,0,12,0,0,0,1,24,25,59,17,220,2211,2431
353,2011-12-19,4,0,12,0,1,1,1,28,28,64,17,260,3143,3403
354,2011-12-20,4,0,12,0,2,1,2,39,40,60,6,216,3534,3750
355,2011-12-21,1,0,12,0,3,1,2,43,43,86,22,107,2553,2660
356,2011-12-22,1,0,12,0,4,1,2,42,43,76,5,227,2841,3068
357,2011-12-23,1,0,12,0,5,1,1,37,38,69,27,163,2046,2209
358,2011-12-24,1,0,12,0,6,0,1,30,30,54,19,155,856,1011
359,2011-12-25,1,0,12,0,0,0,1,27,28,68,16,303,451,754
360,2011-12-26,1,0,12,1,1,0,1,32,32,51,24,430,887,1317
361,2011-12-27,1,0,12,0,2,1,2,32,33,76,19,103,1059,1162
362,2011-12-28,1,0,12,0,3,1,1,30,28,50,29,255,2047,2302
363,2011-12-29,1,0,12,0,4,1,1,25,26,57,12,254,2169,2423
364,2011-12-30,1,0,12,0,5,1,1,31,32,64,13,491,2508,2999
365,2011-12-31,1,0,12,0,6,0,1,41,41,62,22,665,1820,2485
366,2012-01-01,1,1,1,0,0,0,1,37,38,69,19,686,1608,2294
367,2012-01-02,1,1,1,1,1,0,1,27,25,38,33,244,1707,1951
368,2012-01-03,1,1,1,0,2,1,1,15,13,44,37,89,2147,2236
369,2012-01-04,1,1,1,0,3,1,2,11,12,41,18,95,2273,2368
370,2012-01-05,1,1,1,0,4,1,1,27,28,52,13,140,3132,3272
371,2012-01-06,1,1,1,0,5,1,1,33,34,54,17,307,3791,4098
372,2012-01-07,1,1,1,0,6,0,1,39,39,53,17,1070,3451,4521
373,2012-01-08,1,1,1,0,0,0,1,34,34,46,19,599,2826,3425
374,2012-01-09,1,1,1,0,1,1,2,22,25,70,10,106,2270,2376
375,2012-01-10,1,1,1,0,2,1,1,31,32,65,19,173,3425,3598
376,2012-01-11,1,1,1,0,3,1,2,27,28,85,13,92,2085,2177
377,2012-01-12,1,1,1,0,4,1,2,38,38,80,18,269,3828,4097
378,2012-01-13,1,1,1,0,5,1,1,27,25,51,38,174,3040,3214
379,2012-01-14,1,1,1,0,6,0,1,18,18,46,19,333,2160,2493
380,2012-01-15,1,1,1,0,0,0,1,17,16,42,25,284,2027,2311
381,2012-01-16,1,1,1,1,1,0,1,19,19,52,23,217,2081,2298
382,2012-01-17,1,1,1,0,2,1,2,37,36,72,35,127,2808,2935
383,2012-01-18,1,1,1,0,3,1,1,30,28,44,42,109,3267,3376
384,2012-01-19,1,1,1,0,4,1,1,19,19,50,22,130,3162,3292
385,2012-01-20,1,1,1,0,5,1,2,22,22,45,20,115,3048,3163
386,2012-01-21,1,1,1,0,6,0,2,17,17,83,22,67,1234,1301
387,2012-01-22,1,1,1,0,0,0,2,16,16,80,20,196,1781,1977
388,2012-01-23,1,1,1,0,1,1,2,22,24,91,11,145,2287,2432
389,2012-01-24,1,1,1,0,2,1,1,34,35,84,12,439,3900,4339
390,2012-01-25,1,1,1,0,3,1,1,29,29,64,16,467,3803,4270
391,2012-01-26,1,1,1,0,4,1,2,34,36,77,7,244,3831,4075
392,2012-01-27,1,1,1,0,5,1,2,42,42,74,34,269,3187,3456
393,2012-01-28,1,1,1,0,6,0,1,32,33,54,21,775,3248,4023
394,2012-01-29,1,1,1,0,0,0,1,28,27,31,24,558,2685,3243
395,2012-01-30,1,1,1,0,1,1,1,27,26,40,22,126,3498,3624
396,2012-01-31,1,1,1,0,2,1,1,39,38,42,26,324,4185,4509
397,2012-02-01,1,1,2,0,3,1,1,47,47,51,19,304,4275,4579
398,2012-02-02,1,1,2,0,4,1,2,40,40,67,19,190,3571,3761
399,2012-02-03,1,1,2,0,5,1,1,31,31,53,18,310,3841,4151
400,2012-02-04,1,1,2,0,6,0,2,26,27,78,12,384,2448,2832
401,2012-02-05,1,1,2,0,0,0,2,27,26,69,18,318,2629,2947
402,2012-02-06,1,1,2,0,1,1,1,28,30,62,15,206,3578,3784
403,2012-02-07,1,1,2,0,2,1,1,35,36,50,15,199,4176,4375
404,2012-02-08,1,1,2,0,3,1,2,26,27,72,13,109,2693,2802
405,2012-02-09,1,1,2,0,4,1,1,26,26,56,19,163,3667,3830
406,2012-02-10,1,1,2,0,5,1,2,28,29,54,12,227,3604,3831
407,2012-02-11,1,1,2,0,6,0,3,22,21,73,29,192,1977,2169
408,2012-02-12,1,1,2,0,0,0,1,13,10,46,41,73,1456,1529
409,2012-02-13,1,1,2,0,1,1,1,22,23,41,17,94,3328,3422
410,2012-02-14,1,1,2,0,2,1,2,32,33,51,14,135,3787,3922
411,2012-02-15,1,1,2,0,3,1,1,35,35,53,18,141,4028,4169
412,2012-02-16,1,1,2,0,4,1,2,32,33,75,9,74,2931,3005
413,2012-02-17,1,1,2,0,5,1,1,34,35,63,21,349,3805,4154
414,2012-02-18,1,1,2,0,6,0,1,35,36,53,19,1435,2883,4318
415,2012-02-19,1,1,2,0,0,0,2,28,27,52,25,618,2071,2689
416,2012-02-20,1,1,2,1,1,0,1,28,27,51,23,502,2627,3129
417,2012-02-21,1,1,2,0,2,1,1,29,30,59,21,163,3614,3777
418,2012-02-22,1,1,2,0,3,1,1,40,39,57,23,394,4379,4773
419,2012-02-23,1,1,2,0,4,1,1,45,44,55,19,516,4546,5062
420,2012-02-24,1,1,2,0,5,1,2,41,41,74,24,246,3241,3487
421,2012-02-25,1,1,2,0,6,0,1,29,26,40,42,317,2415,2732
422,2012-02-26,1,1,2,0,0,0,1,28,27,41,21,515,2874,3389
423,2012-02-27,1,1,2,0,1,1,1,37,36,49,27,253,4069,4322
424,2012-02-28,1,1,2,0,2,1,1,36,35,40,19,229,4134,4363
425,2012-02-29,1,1,2,0,3,1,2,34,35,80,18,65,1769,1834
426,2012-03-01,1,1,3,0,4,1,1,49,48,62,23,325,4665,4990
427,2012-03-02,1,1,3,0,5,1,2,35,36,66,14,246,2948,3194
428,2012-03-03,1,1,3,0,6,0,2,41,41,62,16,956,3110,4066
429,2012-03-04,1,1,3,0,0,0,1,33,30,40,33,710,2713,3423
430,2012-03-05,1,1,3,0,1,1,1,24,24,51,23,203,3130,3333
431,2012-03-06,1,1,3,0,2,1,1,26,26,46,20,221,3735,3956
432,2012-03-07,1,1,3,0,3,1,1,40,39,51,35,432,4484,4916
433,2012-03-08,1,1,3,0,4,1,1,53,52,57,44,486,4896,5382
434,2012-03-09,1,1,3,0,5,1,2,41,40,41,41,447,4122,4569
435,2012-03-10,1,1,3,0,6,0,1,29,28,35,23,968,3150,4118
436,2012-03-11,1,1,3,0,0,0,1,36,36,48,22,1658,3253,4911
437,2012-03-12,1,1,3,0,1,1,1,47,46,49,21,838,4460,5298
438,2012-03-13,1,1,3,0,2,1,1,56,54,62,24,762,5085,5847
439,2012-03-14,1,1,3,0,3,1,1,57,55,51,12,997,5315,6312
440,2012-03-15,1,1,3,0,4,1,1,56,53,58,15,1005,5187,6192
441,2012-03-16,1,1,3,0,5,1,2,44,44,84,11,548,3830,4378
442,2012-03-17,1,1,3,0,6,0,2,51,51,76,11,3155,4681,7836
443,2012-03-18,1,1,3,0,0,0,2,47,46,81,13,2207,3685,5892
444,2012-03-19,1,1,3,0,1,1,1,55,53,73,16,982,5171,6153
445,2012-03-20,1,1,3,0,2,1,1,56,54,81,12,1051,5042,6093
446,2012-03-21,2,1,3,0,3,1,2,53,51,82,9,1122,5108,6230
447,2012-03-22,2,1,3,0,4,1,1,55,53,83,12,1334,5537,6871
448,2012-03-23,2,1,3,0,5,1,2,60,57,69,12,2469,5893,8362
449,2012-03-24,2,1,3,0,6,0,2,50,49,89,19,1033,2339,3372
450,2012-03-25,2,1,3,0,0,0,2,44,44,88,22,1532,3464,4996
451,2012-03-26,2,1,3,0,1,1,1,45,44,48,39,795,4763,5558
452,2012-03-27,2,1,3,0,2,1,1,32,32,29,19,531,4571,5102
453,2012-03-28,2,1,3,0,3,1,1,48,47,48,29,674,5024,5698
454,2012-03-29,2,1,3,0,4,1,1,49,48,44,32,834,5299,6133
455,2012-03-30,2,1,3,0,5,1,2,37,38,58,14,796,4663,5459
456,2012-03-31,2,1,3,0,6,0,2,42,42,74,25,2301,3934,6235
457,2012-04-01,2,1,4,0,0,0,2,43,42,68,17,2347,3694,6041
458,2012-04-02,2,1,4,0,1,1,1,43,43,50,31,1208,4728,5936
459,2012-04-03,2,1,4,0,2,1,1,47,46,40,10,1348,5424,6772
460,2012-04-04,2,1,4,0,3,1,1,54,53,47,18,1058,5378,6436
461,2012-04-05,2,1,4,0,4,1,1,44,43,37,22,1192,5265,6457
462,2012-04-06,2,1,4,0,5,1,1,40,39,38,30,1807,4653,6460
463,2012-04-07,2,1,4,0,6,0,1,44,43,25,27,3252,3605,6857
464,2012-04-08,2,1,4,0,0,0,1,50,49,28,23,2230,2939,5169
465,2012-04-09,2,1,4,0,1,1,1,49,48,32,36,905,4680,5585
466,2012-04-10,2,1,4,0,2,1,1,45,44,44,25,819,5099,5918
467,2012-04-11,2,1,4,0,3,1,1,35,34,47,30,482,4380,4862
468,2012-04-12,2,1,4,0,4,1,1,40,39,47,29,663,4746,5409
469,2012-04-13,2,1,4,0,5,1,1,44,43,41,16,1252,5146,6398
470,2012-04-14,2,1,4,0,6,0,1,50,49,50,19,2795,4665,7460
471,2012-04-15,2,1,4,0,0,0,1,61,57,51,23,2846,4286,7132
472,2012-04-16,2,1,4,1,1,0,1,66,61,56,28,1198,5172,6370
473,2012-04-17,2,1,4,0,2,1,1,61,60,39,27,989,5702,6691
474,2012-04-18,2,1,4,0,3,1,2,46,46,57,17,347,4020,4367
475,2012-04-19,2,1,4,0,4,1,1,50,49,61,7,846,5719,6565
476,2012-04-20,2,1,4,0,5,1,1,53,52,69,15,1340,5950,7290
477,2012-04-21,2,1,4,0,6,0,1,57,54,68,28,2541,4083,6624
478,2012-04-22,2,1,4,0,0,0,3,40,39,84,34,120,907,1027
479,2012-04-23,2,1,4,0,1,1,2,32,30,77,30,195,3019,3214
480,2012-04-24,2,1,4,0,2,1,1,41,41,45,25,518,5115,5633
481,2012-04-25,2,1,4,0,3,1,1,48,47,43,12,655,5541,6196
482,2012-04-26,2,1,4,0,4,1,2,50,48,76,18,475,4551,5026
483,2012-04-27,2,1,4,0,5,1,1,46,45,40,35,1014,5219,6233
484,2012-04-28,2,1,4,0,6,0,2,38,38,49,13,1120,3100,4220
485,2012-04-29,2,1,4,0,0,0,1,46,45,59,12,2229,4075,6304
486,2012-04-30,2,1,4,0,1,1,2,46,46,57,17,665,4907,5572
487,2012-05-01,2,1,5,0,2,1,2,61,58,66,16,653,5087,5740
488,2012-05-02,2,1,5,0,3,1,1,56,54,80,14,667,5502,6169
489,2012-05-03,2,1,5,0,4,1,2,56,54,77,13,764,5657,6421
490,2012-05-04,2,1,5,0,5,1,1,63,59,74,16,1069,5227,6296
491,2012-05-05,2,1,5,0,6,0,2,62,58,76,15,2496,4387,6883
492,2012-05-06,2,1,5,0,0,0,2,56,55,74,15,2135,4224,6359
493,2012-05-07,2,1,5,0,1,1,2,54,53,66,23,1008,5265,6273
494,2012-05-08,2,1,5,0,2,1,2,58,56,69,30,738,4990,5728
495,2012-05-09,2,1,5,0,3,1,2,57,55,74,22,620,4097,4717
496,2012-05-10,2,1,5,0,4,1,1,51,49,55,31,1026,5546,6572
497,2012-05-11,2,1,5,0,5,1,1,53,52,36,24,1319,5711,7030
498,2012-05-12,2,1,5,0,6,0,1,56,54,48,12,2622,4807,7429
499,2012-05-13,2,1,5,0,0,0,1,61,59,58,23,2172,3946,6118
500,2012-05-14,2,1,5,0,1,1,2,57,55,79,21,342,2501,2843
501,2012-05-15,2,1,5,0,2,1,2,61,58,79,15,625,4490,5115
502,2012-05-16,2,1,5,0,3,1,1,64,60,70,12,991,6433,7424
503,2012-05-17,2,1,5,0,4,1,1,59,57,52,23,1242,6142,7384
504,2012-05-18,2,1,5,0,5,1,1,56,55,52,14,1521,6118,7639
505,2012-05-19,2,1,5,0,6,0,1,60,57,46,8,3410,4884,8294
506,2012-05-20,2,1,5,0,0,0,1,62,58,53,25,2704,4425,7129
507,2012-05-21,2,1,5,0,1,1,2,60,57,81,23,630,3729,4359
508,2012-05-22,2,1,5,0,2,1,2,62,58,77,12,819,5254,6073
509,2012-05-23,2,1,5,0,3,1,2,62,58,77,10,766,4494,5260
510,2012-05-24,2,1,5,0,4,1,1,66,61,72,17,1059,5711,6770
511,2012-05-25,2,1,5,0,5,1,1,68,63,75,14,1417,5317,6734
512,2012-05-26,2,1,5,0,6,0,1,69,64,73,20,2855,3681,6536
513,2012-05-27,2,1,5,0,0,0,1,69,64,70,22,3283,3308,6591
514,2012-05-28,2,1,5,1,1,0,1,71,68,68,20,2557,3486,6043
515,2012-05-29,2,1,5,0,2,1,1,72,67,68,30,880,4863,5743
516,2012-05-30,2,1,5,0,3,1,2,66,61,67,13,745,6110,6855
517,2012-05-31,2,1,5,0,4,1,1,68,63,49,20,1100,6238,7338
518,2012-06-01,2,1,6,0,5,1,2,65,61,76,24,533,3594,4127
519,2012-06-02,2,1,6,0,6,0,1,58,57,55,19,2795,5325,8120
520,2012-06-03,2,1,6,0,0,0,1,60,58,49,18,2494,5147,7641
521,2012-06-04,2,1,6,0,1,1,1,60,58,49,28,1071,5927,6998
522,2012-06-05,2,1,6,0,2,1,2,54,53,61,21,968,6033,7001
523,2012-06-06,2,1,6,0,3,1,1,55,54,61,8,1027,6028,7055
524,2012-06-07,2,1,6,0,4,1,1,60,57,57,16,1038,6456,7494
525,2012-06-08,2,1,6,0,5,1,1,65,60,47,18,1488,6248,7736
526,2012-06-09,2,1,6,0,6,0,1,71,65,44,14,2708,4790,7498
527,2012-06-10,2,1,6,0,0,0,1,73,66,54,13,2224,4374,6598
528,2012-06-11,2,1,6,0,1,1,2,72,66,59,21,1017,5647,6664
529,2012-06-12,2,1,6,0,2,1,2,65,60,83,21,477,4495,4972
530,2012-06-13,2,1,6,0,3,1,1,66,61,58,34,1173,6248,7421
531,2012-06-14,2,1,6,0,4,1,1,65,62,57,25,1180,6183,7363
532,2012-06-15,2,1,6,0,5,1,1,64,60,59,18,1563,6102,7665
533,2012-06-16,2,1,6,0,6,0,1,63,59,50,17,2963,4739,7702
534,2012-06-17,2,1,6,0,0,0,1,59,57,60,14,2634,4344,6978
535,2012-06-18,2,1,6,0,1,1,2,57,54,78,17,653,4446,5099
536,2012-06-19,2,1,6,0,2,1,1,69,65,69,15,968,5857,6825
537,2012-06-20,2,1,6,0,3,1,1,78,72,59,11,872,5339,6211
538,2012-06-21,3,1,6,0,4,1,1,81,75,57,12,778,5127,5905
539,2012-06-22,3,1,6,0,5,1,1,78,72,57,18,964,4859,5823
540,2012-06-23,3,1,6,0,6,0,1,73,65,53,18,2657,4801,7458
541,2012-06-24,3,1,6,0,0,0,1,74,67,48,15,2551,4340,6891
542,2012-06-25,3,1,6,0,1,1,1,72,65,50,30,1139,5640,6779
543,2012-06-26,3,1,6,0,2,1,1,63,59,37,35,1077,6365,7442
544,2012-06-27,3,1,6,0,3,1,1,70,64,36,27,1077,6258,7335
545,2012-06-28,3,1,6,0,4,1,1,75,68,42,17,921,5958,6879
546,2012-06-29,3,1,6,0,5,1,1,83,79,49,17,829,4634,5463
547,2012-06-30,3,1,6,0,6,0,1,76,69,60,16,1455,4232,5687
548,2012-07-01,3,1,7,0,0,0,1,82,75,52,17,1421,4110,5531
549,2012-07-02,3,1,7,0,1,1,1,78,70,45,20,904,5323,6227
550,2012-07-03,3,1,7,0,2,1,1,78,70,49,13,1052,5608,6660
551,2012-07-04,3,1,7,1,3,0,1,79,73,54,13,2562,4841,7403
552,2012-07-05,3,1,7,0,4,1,1,83,76,46,19,1405,4836,6241
553,2012-07-06,3,1,7,0,5,1,1,83,75,45,15,1366,4841,6207
554,2012-07-07,3,1,7,0,6,0,1,86,80,49,16,1448,3392,4840
555,2012-07-08,3,1,7,0,0,0,1,82,79,57,13,1203,3469,4672
556,2012-07-09,3,1,7,0,1,1,2,71,65,68,18,998,5571,6569
557,2012-07-10,3,1,7,0,2,1,2,72,66,67,15,954,5336,6290
558,2012-07-11,3,1,7,0,3,1,1,72,65,63,15,975,6289,7264
559,2012-07-12,3,1,7,0,4,1,1,72,65,53,15,1032,6414,7446
560,2012-07-13,3,1,7,0,5,1,2,73,67,49,8,1511,5988,7499
561,2012-07-14,3,1,7,0,6,0,2,70,67,70,14,2355,4614,6969
562,2012-07-15,3,1,7,0,0,0,1,75,71,72,17,1920,4111,6031
563,2012-07-16,3,1,7,0,1,1,1,76,72,64,16,1088,5742,6830
564,2012-07-17,3,1,7,0,2,1,1,82,76,51,11,921,5865,6786
565,2012-07-18,3,1,7,0,3,1,1,79,75,58,14,799,4914,5713
566,2012-07-19,3,1,7,0,4,1,1,77,71,60,17,888,5703,6591
567,2012-07-20,3,1,7,0,5,1,2,67,61,84,21,747,5123,5870
568,2012-07-21,3,1,7,0,6,0,3,60,55,87,21,1264,3195,4459
569,2012-07-22,3,1,7,0,0,0,2,67,62,76,9,2544,4866,7410
570,2012-07-23,3,1,7,0,1,1,1,74,69,69,14,1135,5831,6966
571,2012-07-24,3,1,7,0,2,1,1,75,71,66,21,1140,6452,7592
572,2012-07-25,3,1,7,0,3,1,1,72,65,45,16,1383,6790,8173
573,2012-07-26,3,1,7,0,4,1,1,78,74,60,28,1036,5825,6861
574,2012-07-27,3,1,7,0,5,1,1,78,73,59,15,1259,5645,6904
575,2012-07-28,3,1,7,0,6,0,1,76,70,61,16,2234,4451,6685
576,2012-07-29,3,1,7,0,0,0,1,72,67,62,17,2153,4444,6597
577,2012-07-30,3,1,7,0,1,1,1,73,68,67,15,1040,6065,7105
578,2012-07-31,3,1,7,0,2,1,1,71,66,70,17,968,6248,7216
579,2012-08-01,3,1,8,0,3,1,1,72,67,68,14,1074,6506,7580
580,2012-08-02,3,1,8,0,4,1,1,75,71,66,13,983,6278,7261
581,2012-08-03,3,1,8,0,5,1,2,77,72,64,22,1328,5847,7175
582,2012-08-04,3,1,8,0,6,0,1,79,75,61,26,2345,4479,6824
583,2012-08-05,3,1,8,0,0,0,1,77,73,65,29,1707,3757,5464
584,2012-08-06,3,1,8,0,1,1,2,75,71,65,13,1233,5780,7013
585,2012-08-07,3,1,8,0,2,1,2,74,70,70,12,1278,5995,7273
586,2012-08-08,3,1,8,0,3,1,2,75,71,67,11,1263,6271,7534
587,2012-08-09,3,1,8,0,4,1,1,76,70,62,16,1196,6090,7286
588,2012-08-10,3,1,8,0,5,1,2,72,67,72,24,1065,4721,5786
589,2012-08-11,3,1,8,0,6,0,2,69,64,73,21,2247,4052,6299
590,2012-08-12,3,1,8,0,0,0,1,70,64,53,12,2182,4362,6544
591,2012-08-13,3,1,8,0,1,1,1,72,66,55,14,1207,5676,6883
592,2012-08-14,3,1,8,0,2,1,1,73,68,69,17,1128,5656,6784
593,2012-08-15,3,1,8,0,3,1,1,71,65,62,17,1198,6149,7347
594,2012-08-16,3,1,8,0,4,1,1,72,65,52,14,1338,6267,7605
595,2012-08-17,3,1,8,0,5,1,1,72,24,57,23,1483,5665,7148
596,2012-08-18,3,1,8,0,6,0,1,68,62,60,18,2827,5038,7865
597,2012-08-19,3,1,8,0,0,0,2,64,60,71,9,1208,3341,4549
598,2012-08-20,3,1,8,0,1,1,2,64,60,73,13,1026,5504,6530
599,2012-08-21,3,1,8,0,2,1,1,65,60,67,7,1081,5925,7006
600,2012-08-22,3,1,8,0,3,1,1,67,62,68,7,1094,6281,7375
601,2012-08-23,3,1,8,0,4,1,1,70,64,64,8,1363,6402,7765
602,2012-08-24,3,1,8,0,5,1,2,70,65,62,7,1325,6257,7582
603,2012-08-25,3,1,8,0,6,0,2,66,62,71,24,1829,4224,6053
604,2012-08-26,3,1,8,0,0,0,2,65,60,85,23,1483,3772,5255
605,2012-08-27,3,1,8,0,1,1,1,70,65,73,13,989,5928,6917
606,2012-08-28,3,1,8,0,2,1,1,73,67,62,19,935,6105,7040
607,2012-08-29,3,1,8,0,3,1,1,68,64,55,11,1177,6520,7697
608,2012-08-30,3,1,8,0,4,1,1,71,65,59,8,1172,6541,7713
609,2012-08-31,3,1,8,0,5,1,1,76,69,59,17,1433,5917,7350
610,2012-09-01,3,1,9,0,6,0,2,75,70,64,11,2352,3788,6140
611,2012-09-02,3,1,9,0,0,0,2,70,65,82,6,2613,3197,5810
612,2012-09-03,3,1,9,1,1,0,1,71,66,79,15,1965,4069,6034
613,2012-09-04,3,1,9,0,2,1,1,73,69,76,24,867,5997,6864
614,2012-09-05,3,1,9,0,3,1,1,74,71,74,19,832,6280,7112
615,2012-09-06,3,1,9,0,4,1,2,70,66,81,14,611,5592,6203
616,2012-09-07,3,1,9,0,5,1,1,70,66,74,17,1045,6459,7504
617,2012-09-08,3,1,9,0,6,0,2,66,61,80,28,1557,4419,5976
618,2012-09-09,3,1,9,0,0,0,1,61,58,55,22,2570,5657,8227
619,2012-09-10,3,1,9,0,1,1,1,58,57,50,26,1118,6407,7525
620,2012-09-11,3,1,9,0,2,1,1,58,55,52,9,1070,6697,7767
621,2012-09-12,3,1,9,0,3,1,1,60,57,58,13,1050,6820,7870
622,2012-09-13,3,1,9,0,4,1,1,61,58,64,8,1054,6750,7804
623,2012-09-14,3,1,9,0,5,1,1,63,59,67,10,1379,6630,8009
624,2012-09-15,3,1,9,0,6,0,1,61,59,50,25,3160,5554,8714
625,2012-09-16,3,1,9,0,0,0,1,58,56,57,9,2166,5167,7333
626,2012-09-17,3,1,9,0,1,1,2,58,55,73,15,1022,5847,6869
627,2012-09-18,3,1,9,0,2,1,2,62,57,87,36,371,3702,4073
628,2012-09-19,3,1,9,0,3,1,1,55,54,54,22,788,6803,7591
629,2012-09-20,3,1,9,0,4,1,1,55,53,62,12,939,6781,7720
630,2012-09-21,3,1,9,0,5,1,1,60,57,67,15,1250,6917,8167
631,2012-09-22,3,1,9,0,6,0,1,65,61,65,28,2512,5883,8395
632,2012-09-23,4,1,9,0,0,0,1,53,52,47,22,2454,5453,7907
633,2012-09-24,4,1,9,0,1,1,1,51,50,49,14,1001,6435,7436
634,2012-09-25,4,1,9,0,2,1,1,55,54,57,24,845,6693,7538
635,2012-09-26,4,1,9,0,3,1,1,64,60,63,24,787,6946,7733
636,2012-09-27,4,1,9,0,4,1,2,65,61,69,13,751,6642,7393
637,2012-09-28,4,1,9,0,5,1,2,62,59,69,16,1045,6370,7415
638,2012-09-29,4,1,9,0,6,0,1,54,53,54,23,2589,5966,8555
639,2012-09-30,4,1,9,0,0,0,1,53,52,58,13,2015,4874,6889
640,2012-10-01,4,1,10,0,1,1,2,52,51,65,9,763,6015,6778
641,2012-10-02,4,1,10,0,2,1,3,59,54,87,10,315,4324,4639
642,2012-10-03,4,1,10,0,3,1,2,66,60,79,7,728,6844,7572
643,2012-10-04,4,1,10,0,4,1,2,66,61,72,12,891,6437,7328
644,2012-10-05,4,1,10,0,5,1,1,62,58,63,11,1516,6640,8156
645,2012-10-06,4,1,10,0,6,0,1,55,54,66,27,3031,4934,7965
646,2012-10-07,4,1,10,0,0,0,2,42,42,71,14,781,2729,3510
647,2012-10-08,4,1,10,1,1,0,2,38,39,71,19,874,4604,5478
648,2012-10-09,4,1,10,0,2,1,2,45,44,76,19,601,5791,6392
649,2012-10-10,4,1,10,0,3,1,1,51,50,63,19,780,6911,7691
650,2012-10-11,4,1,10,0,4,1,1,44,43,46,18,834,6736,7570
651,2012-10-12,4,1,10,0,5,1,1,44,43,54,24,1060,6222,7282
652,2012-10-13,4,1,10,0,6,0,1,39,39,49,15,2252,4857,7109
653,2012-10-14,4,1,10,0,0,0,1,52,51,64,28,2080,4559,6639
654,2012-10-15,4,1,10,0,1,1,2,56,54,71,30,760,5115,5875
655,2012-10-16,4,1,10,0,2,1,1,47,46,56,18,922,6612,7534
656,2012-10-17,4,1,10,0,3,1,1,46,45,69,10,979,6482,7461
657,2012-10-18,4,1,10,0,4,1,2,52,51,73,24,1008,6501,7509
658,2012-10-19,4,1,10,0,5,1,2,56,54,82,13,753,4671,5424
659,2012-10-20,4,1,10,0,6,0,1,48,47,57,12,2806,5284,8090
660,2012-10-21,4,1,10,0,0,0,1,46,46,51,17,2132,4692,6824
661,2012-10-22,4,1,10,0,1,1,1,49,48,57,8,830,6228,7058
662,2012-10-23,4,1,10,0,2,1,1,54,53,64,9,841,6625,7466
663,2012-10-24,4,1,10,0,3,1,1,59,56,64,7,795,6898,7693
664,2012-10-25,4,1,10,0,4,1,2,55,53,80,12,875,6484,7359
665,2012-10-26,4,1,10,0,5,1,2,55,52,81,13,1182,6262,7444
666,2012-10-27,4,1,10,0,6,0,2,53,52,72,24,2643,5209,7852
667,2012-10-28,4,1,10,0,0,0,2,48,47,69,40,998,3461,4459
668,2012-10-29,4,1,10,0,1,1,3,44,44,88,36,2,20,22
669,2012-10-30,4,1,10,0,2,1,2,32,31,83,21,87,1009,1096
670,2012-10-31,4,1,10,0,3,1,2,36,36,67,17,419,5147,5566
671,2012-11-01,4,1,11,0,4,1,2,37,37,58,16,466,5520,5986
672,2012-11-02,4,1,11,0,5,1,1,36,36,52,27,618,5229,5847
673,2012-11-03,4,1,11,0,6,0,2,34,32,49,27,1029,4109,5138
674,2012-11-04,4,1,11,0,0,0,1,33,33,53,18,1201,3906,5107
675,2012-11-05,4,1,11,0,1,1,1,32,31,49,24,378,4881,5259
676,2012-11-06,4,1,11,0,2,1,1,28,28,57,17,466,5220,5686
677,2012-11-07,4,1,11,0,3,1,2,30,27,55,30,326,4709,5035
678,2012-11-08,4,1,11,0,4,1,1,35,34,33,35,340,4975,5315
679,2012-11-09,4,1,11,0,5,1,1,36,36,54,21,709,5283,5992
680,2012-11-10,4,1,11,0,6,0,1,39,39,65,6,2090,4446,6536
681,2012-11-11,4,1,11,0,0,0,1,42,42,66,13,2290,4562,6852
682,2012-11-12,4,1,11,1,1,0,1,48,48,74,17,1097,5172,6269
683,2012-11-13,4,1,11,0,2,1,2,34,32,66,34,327,3767,4094
684,2012-11-14,4,1,11,0,3,1,1,29,28,55,20,373,5122,5495
685,2012-11-15,4,1,11,0,4,1,2,32,32,62,15,320,5125,5445
686,2012-11-16,4,1,11,0,5,1,1,34,35,52,17,484,5214,5698
687,2012-11-17,4,1,11,0,6,0,1,32,33,55,18,1313,4316,5629
688,2012-11-18,4,1,11,0,0,0,1,34,34,69,23,922,3747,4669
689,2012-11-19,4,1,11,0,1,1,2,38,38,62,24,449,5050,5499
690,2012-11-20,4,1,11,0,2,1,2,37,38,68,8,534,5100,5634
691,2012-11-21,4,1,11,0,3,1,1,35,36,61,10,615,4531,5146
692,2012-11-22,4,1,11,1,4,0,1,34,35,58,5,955,1470,2425
693,2012-11-23,4,1,11,0,5,1,1,37,38,57,15,1603,2307,3910
694,2012-11-24,4,1,11,0,6,0,1,28,25,40,38,532,1745,2277
695,2012-11-25,4,1,11,0,0,0,1,25,26,47,15,309,2115,2424
696,2012-11-26,4,1,11,0,1,1,1,31,34,54,5,337,4750,5087
697,2012-11-27,4,1,11,0,2,1,2,29,28,79,24,123,3836,3959
698,2012-11-28,4,1,11,0,3,1,1,30,29,51,21,198,5062,5260
699,2012-11-29,4,1,11,0,4,1,1,28,30,56,12,243,5080,5323
700,2012-11-30,4,1,11,0,5,1,1,30,32,65,6,362,5306,5668
701,2012-12-01,4,1,12,0,6,0,2,30,32,81,6,951,4240,5191
702,2012-12-02,4,1,12,0,0,0,2,35,36,82,12,892,3757,4649
703,2012-12-03,4,1,12,0,1,1,1,45,46,77,8,555,5679,6234
704,2012-12-04,4,1,12,0,2,1,1,48,47,73,17,551,6055,6606
705,2012-12-05,4,1,12,0,3,1,1,44,43,48,32,331,5398,5729
706,2012-12-06,4,1,12,0,4,1,1,26,26,51,17,340,5035,5375
707,2012-12-07,4,1,12,0,5,1,2,32,32,76,13,349,4659,5008
708,2012-12-08,4,1,12,0,6,0,2,38,39,91,10,1153,4429,5582
709,2012-12-09,4,1,12,0,0,0,2,38,39,91,16,441,2787,3228
710,2012-12-10,4,1,12,0,1,1,2,44,44,92,19,329,4841,5170
711,2012-12-11,4,1,12,0,2,1,2,35,34,60,30,282,5219,5501
712,2012-12-12,4,1,12,0,3,1,2,30,30,54,16,310,5009,5319
713,2012-12-13,4,1,12,0,4,1,1,30,29,49,17,425,5107,5532
714,2012-12-14,4,1,12,0,5,1,1,28,29,64,13,429,5182,5611
715,2012-12-15,4,1,12,0,6,0,1,32,34,65,11,767,4280,5047
716,2012-12-16,4,1,12,0,0,0,2,36,37,84,10,538,3248,3786
717,2012-12-17,4,1,12,0,1,1,2,39,40,91,10,212,4373,4585
718,2012-12-18,4,1,12,0,2,1,1,41,41,67,22,433,5124,5557
719,2012-12-19,4,1,12,0,3,1,1,33,34,63,18,333,4934,5267
720,2012-12-20,4,1,12,0,4,1,2,33,34,67,13,314,3814,4128
721,2012-12-21,1,1,12,0,5,1,2,33,30,56,37,221,3402,3623
722,2012-12-22,1,1,12,0,6,0,1,27,24,44,41,205,1544,1749
723,2012-12-23,1,1,12,0,0,0,1,25,26,52,13,408,1379,1787
724,2012-12-24,1,1,12,0,1,1,2,23,26,79,8,174,746,920
725,2012-12-25,1,1,12,1,2,0,2,29,29,73,17,440,573,1013
726,2012-12-26,1,1,12,0,3,1,3,24,22,82,32,9,432,441
727,2012-12-27,1,1,12,0,4,1,2,25,23,65,35,247,1867,2114
728,2012-12-28,1,1,12,0,5,1,2,25,26,59,16,644,2451,3095
729,2012-12-29,1,1,12,0,6,0,2,25,24,75,12,159,1182,1341
730,2012-12-30,1,1,12,0,0,0,1,26,23,48,35,364,1432,1796
731,2012-12-31,1,1,12,0,1,1,2,22,22,58,15,439,2290,2729
