dteday,season,yr,mnth,holiday,weekday,workingday,weathersit,temp,atemp,hum,windspeed,casual,registered,cnt
2011-01-01,Spring,2011,Jan,No Holiday,Sat,Weekend,Mist,34.4167,36.3625,80.58330000000001,16.0446,331,654,985
2011-01-02,Spring,2011,Jan,No Holiday,Sun,Weekend,Mist,36.3478,35.373900000000006,69.6087,24.8539,131,670,801
2011-01-03,Spring,2011,Jan,No Holiday,Mon,Weekday,Clear,19.636400000000002,18.9405,43.7273,24.8309,120,1229,1349
2011-01-04,Spring,2011,Jan,No Holiday,Tue,Weekday,Clear,20.0,21.2122,59.0435,16.0296,108,1454,1562
2011-01-05,Spring,2011,Jan,No Holiday,Wed,Weekday,Clear,22.6957,22.927,43.695699999999995,18.69,82,1518,1600
2011-01-06,Spring,2011,Jan,No Holiday,Thu,Weekday,Clear,20.4348,23.3209,51.8261,8.95652,88,1518,1606
2011-01-07,Spring,2011,Jan,No Holiday,Fri,Weekday,Mist,19.6522,20.8839,49.8696,16.8726,148,1362,1510
2011-01-08,Spring,2011,Jan,No Holiday,Sat,Weekend,Mist,16.5,16.2254,53.5833,26.6804,68,891,959
2011-01-09,Spring,2011,Jan,No Holiday,Sun,Weekend,Clear,13.833300000000001,11.6175,43.416700000000006,36.195,54,768,822
2011-01-10,Spring,2011,Jan,No Holiday,Mon,Weekday,Clear,15.0833,15.088799999999999,48.2917,22.3267,41,1280,1321
2011-01-11,Spring,2011,Jan,No Holiday,Tue,Weekday,Mist,16.9091,19.1464,68.6364,12.2132,43,1220,1263
2011-01-12,Spring,2011,Jan,No Holiday,Wed,Weekday,Clear,17.2727,16.0473,59.954499999999996,30.462699999999998,25,1137,1162
2011-01-13,Spring,2011,Jan,No Holiday,Thu,Weekday,Clear,16.5,15.088299999999998,47.0417,30.099999999999998,38,1368,1406
2011-01-14,Spring,2011,Jan,No Holiday,Fri,Weekday,Clear,16.087,18.8413,53.7826,12.6548,54,1367,1421
2011-01-15,Spring,2011,Jan,No Holiday,Sat,Weekend,Mist,23.3333,24.8112,49.875,15.796299999999999,222,1026,1248
2011-01-16,Spring,2011,Jan,No Holiday,Sun,Weekend,Clear,23.166700000000002,23.4217,48.375,18.8433,251,953,1204
2011-01-17,Spring,2011,Jan,Holiday,Mon,Weekend,Mist,17.583299999999998,17.677100000000003,53.75,19.401699999999998,117,883,1000
2011-01-18,Spring,2011,Jan,No Holiday,Tue,Weekday,Mist,21.6667,23.2333,86.16669999999999,14.677499999999998,9,674,683
2011-01-19,Spring,2011,Jan,No Holiday,Wed,Weekday,Mist,29.217399999999998,29.842200000000002,74.1739,20.8317,78,1572,1650
2011-01-20,Spring,2011,Jan,No Holiday,Thu,Weekday,Mist,26.1667,25.505,53.833299999999994,19.5904,83,1844,1927
2011-01-21,Spring,2011,Jan,No Holiday,Fri,Weekday,Clear,17.75,15.7833,45.7083,35.3242,75,1468,1543
2011-01-22,Spring,2011,Jan,No Holiday,Sat,Weekend,Clear,5.91304,7.906960000000001,40.0,17.197000000000003,93,888,981
2011-01-23,Spring,2011,Jan,No Holiday,Sun,Weekend,Clear,9.65217,9.88391,43.6522,24.66,150,836,986
2011-01-24,Spring,2011,Jan,No Holiday,Mon,Weekday,Clear,9.73913,11.793,49.173899999999996,15.833,86,1330,1416
2011-01-25,Spring,2011,Jan,No Holiday,Tue,Weekday,Mist,22.3478,23.4526,61.695699999999995,12.9796,186,1799,1985
2011-01-26,Spring,2011,Jan,No Holiday,Wed,Weekday,Light Rain,21.75,20.36,86.25,29.385,34,472,506
2011-01-27,Spring,2011,Jan,No Holiday,Thu,Weekday,Clear,19.5,21.97,68.75,11.3837,15,416,431
2011-01-28,Spring,2011,Jan,No Holiday,Fri,Weekday,Mist,20.3478,22.331699999999998,79.30430000000001,12.33,38,1129,1167
2011-01-29,Spring,2011,Jan,No Holiday,Sat,Weekend,Clear,19.6522,21.212600000000002,65.17389999999999,14.5365,123,975,1098
2011-01-30,Spring,2011,Jan,No Holiday,Sun,Weekend,Clear,21.6522,25.0322,72.2174,7.39826,140,956,1096
2011-01-31,Spring,2011,Jan,No Holiday,Mon,Weekday,Mist,18.083299999999998,18.625,60.375,18.7192,42,1459,1501
2011-02-01,Spring,2011,Feb,No Holiday,Tue,Weekday,Mist,19.2174,23.453,82.9565,5.3213,47,1313,1360
2011-02-02,Spring,2011,Feb,No Holiday,Wed,Weekday,Mist,26.0,25.4417,77.5417,26.430799999999998,72,1454,1526
2011-02-03,Spring,2011,Feb,No Holiday,Thu,Weekday,Clear,18.695700000000002,17.7878,43.7826,27.775199999999998,61,1489,1550
2011-02-04,Spring,2011,Feb,No Holiday,Fri,Weekday,Mist,21.130399999999998,22.858700000000002,58.521699999999996,12.783900000000001,88,1620,1708
2011-02-05,Spring,2011,Feb,No Holiday,Sat,Weekend,Mist,23.3333,24.305799999999998,92.91669999999999,16.1079,100,905,1005
2011-02-06,Spring,2011,Feb,No Holiday,Sun,Weekend,Clear,28.5833,29.1671,56.833299999999994,14.180000000000001,354,1269,1623
2011-02-07,Spring,2011,Feb,No Holiday,Mon,Weekday,Clear,27.1667,30.3658,73.83330000000001,4.54083,120,1592,1712
2011-02-08,Spring,2011,Feb,No Holiday,Tue,Weekday,Clear,22.0833,19.8246,53.7917,36.195,64,1466,1530
2011-02-09,Spring,2011,Feb,No Holiday,Wed,Weekday,Mist,13.478299999999999,14.4283,49.4783,18.8839,53,1552,1605
2011-02-10,Spring,2011,Feb,No Holiday,Thu,Weekday,Clear,14.434800000000001,14.954799999999999,43.7391,22.1935,47,1491,1538
2011-02-11,Spring,2011,Feb,No Holiday,Fri,Weekday,Clear,18.909100000000002,21.3509,50.6364,10.854999999999999,149,1597,1746
2011-02-12,Spring,2011,Feb,No Holiday,Sat,Weekend,Clear,22.25,23.2954,54.4167,20.3367,288,1184,1472
2011-02-13,Spring,2011,Feb,No Holiday,Sun,Weekend,Clear,31.652200000000004,32.4113,45.7391,26.088299999999997,397,1192,1589
2011-02-14,Spring,2011,Feb,No Holiday,Mon,Weekday,Clear,41.5,39.835,37.583299999999994,41.7908,208,1705,1913
2011-02-15,Spring,2011,Feb,No Holiday,Tue,Weekday,Clear,26.608700000000002,25.4274,31.434800000000003,29.137400000000003,140,1675,1815
2011-02-16,Spring,2011,Feb,No Holiday,Wed,Weekday,Clear,31.8261,31.619999999999997,42.3478,25.1791,218,1897,2115
2011-02-17,Spring,2011,Feb,No Holiday,Thu,Weekday,Clear,43.5833,42.8658,50.5,23.0104,259,2216,2475
2011-02-18,Spring,2011,Feb,No Holiday,Fri,Weekday,Clear,52.1667,51.198299999999996,51.6667,26.492500000000003,579,2348,2927
2011-02-19,Spring,2011,Feb,No Holiday,Sat,Weekend,Clear,39.9167,39.1404,18.7917,50.7463,532,1103,1635
2011-02-20,Spring,2011,Feb,No Holiday,Sun,Weekend,Clear,28.5217,27.733,40.7826,22.3235,639,1173,1812
2011-02-21,Spring,2011,Feb,Holiday,Mon,Weekend,Mist,30.3333,28.407500000000002,60.5,30.7846,195,912,1107
2011-02-22,Spring,2011,Feb,No Holiday,Tue,Weekday,Clear,18.2222,18.6033,57.7778,19.5683,74,1376,1450
2011-02-23,Spring,2011,Feb,No Holiday,Wed,Weekday,Clear,22.1739,24.5717,42.3043,9.4113,139,1778,1917
2011-02-24,Spring,2011,Feb,No Holiday,Thu,Weekday,Mist,29.565200000000004,28.919099999999997,69.7391,25.049599999999998,100,1707,1807
2011-02-25,Spring,2011,Feb,No Holiday,Fri,Weekday,Mist,36.4348,35.0461,71.2174,34.6539,120,1341,1461
2011-02-26,Spring,2011,Feb,No Holiday,Sat,Weekend,Clear,28.249999999999996,28.2192,53.7917,18.6571,424,1545,1969
2011-02-27,Spring,2011,Feb,No Holiday,Sun,Weekend,Clear,34.3478,35.1109,68.0,12.524799999999999,694,1708,2402
2011-02-28,Spring,2011,Feb,No Holiday,Mon,Weekday,Mist,40.7273,40.011799999999994,87.63640000000001,28.9686,81,1365,1446
2011-03-01,Spring,2011,Mar,No Holiday,Tue,Weekday,Clear,26.6667,26.3879,53.5,21.642500000000002,137,1714,1851
2011-03-02,Spring,2011,Mar,No Holiday,Wed,Weekday,Clear,33.5,32.0071,44.9583,30.783300000000004,231,1903,2134
2011-03-03,Spring,2011,Mar,No Holiday,Thu,Weekday,Clear,19.8333,20.0133,31.833299999999998,22.575400000000002,123,1562,1685
2011-03-04,Spring,2011,Mar,No Holiday,Fri,Weekday,Mist,26.1667,25.567899999999998,61.0417,20.3346,214,1730,1944
2011-03-05,Spring,2011,Mar,No Holiday,Sat,Weekend,Mist,38.4167,37.8779,78.91669999999999,25.1871,640,1437,2077
2011-03-06,Spring,2011,Mar,No Holiday,Sun,Weekend,Mist,37.6522,36.6252,94.8261,34.3287,114,491,605
2011-03-07,Spring,2011,Mar,No Holiday,Mon,Weekday,Clear,26.1739,23.8461,55.1304,34.1352,244,1628,1872
2011-03-08,Spring,2011,Mar,No Holiday,Tue,Weekday,Clear,29.25,30.240000000000002,42.0833,12.065,316,1817,2133
2011-03-09,Spring,2011,Mar,No Holiday,Wed,Weekday,Mist,29.5833,28.6608,77.5417,22.015,191,1700,1891
2011-03-10,Spring,2011,Mar,No Holiday,Thu,Weekday,Light Rain,38.9091,38.5668,0.0,26.187700000000003,46,577,623
2011-03-11,Spring,2011,Mar,No Holiday,Fri,Weekday,Mist,31.652200000000004,30.5,64.95649999999999,23.297,247,1730,1977
2011-03-12,Spring,2011,Mar,No Holiday,Sat,Weekend,Clear,32.9167,32.574999999999996,59.458299999999994,22.0775,724,1408,2132
2011-03-13,Spring,2011,Mar,No Holiday,Sun,Weekend,Clear,38.4348,38.009100000000004,52.73910000000001,27.0604,982,1435,2417
2011-03-14,Spring,2011,Mar,No Holiday,Mon,Weekday,Clear,32.521699999999996,33.2,49.695699999999995,13.692599999999999,359,1687,2046
2011-03-15,Spring,2011,Mar,No Holiday,Tue,Weekday,Mist,31.739099999999997,31.817800000000002,65.5652,18.4309,289,1767,2056
2011-03-16,Spring,2011,Mar,No Holiday,Wed,Weekday,Mist,36.5217,36.693,77.65220000000001,20.3117,321,1871,2192
2011-03-17,Spring,2011,Mar,No Holiday,Thu,Weekday,Clear,41.5,41.0333,60.291700000000006,20.9579,424,2320,2744
2011-03-18,Spring,2011,Mar,No Holiday,Fri,Weekday,Clear,54.0,52.7009,52.5217,23.1017,884,2355,3239
2011-03-19,Spring,2011,Mar,No Holiday,Sat,Weekend,Clear,47.25,46.6525,37.9167,36.816700000000004,1424,1693,3117
2011-03-20,Spring,2011,Mar,No Holiday,Sun,Weekend,Clear,33.25,32.574999999999996,47.375,20.7721,1047,1424,2471
2011-03-21,Summer,2011,Mar,No Holiday,Mon,Weekday,Mist,43.0435,40.9735,73.73910000000001,28.878300000000003,401,1676,2077
2011-03-22,Summer,2011,Mar,No Holiday,Tue,Weekday,Clear,44.1667,44.0642,62.4583,22.575,460,2243,2703
2011-03-23,Summer,2011,Mar,No Holiday,Wed,Weekday,Mist,34.6957,33.7939,83.9565,23.426099999999998,203,1918,2121
2011-03-24,Summer,2011,Mar,No Holiday,Thu,Weekday,Mist,28.499999999999996,27.083299999999998,80.58330000000001,24.378700000000002,166,1699,1865
2011-03-25,Summer,2011,Mar,No Holiday,Fri,Weekday,Clear,26.4167,25.6312,49.5,23.0725,300,1910,2210
2011-03-26,Summer,2011,Mar,No Holiday,Sat,Weekend,Clear,26.583299999999998,25.7571,39.4167,20.9571,981,1515,2496
2011-03-27,Summer,2011,Mar,No Holiday,Sun,Weekend,Mist,25.3043,25.0339,49.3913,18.43,472,1221,1693
2011-03-28,Summer,2011,Mar,No Holiday,Mon,Weekday,Clear,26.434800000000003,25.757400000000004,30.2174,21.2204,222,1806,2028
2011-03-29,Summer,2011,Mar,No Holiday,Tue,Weekday,Clear,30.25,29.2908,31.4167,22.6996,317,2108,2425
2011-03-30,Summer,2011,Mar,No Holiday,Wed,Weekday,Mist,30.0,29.735,64.6667,17.2888,168,1368,1536
2011-03-31,Summer,2011,Mar,No Holiday,Thu,Weekday,Light Rain,26.833299999999998,25.7575,91.8333,21.7646,179,1506,1685
2011-04-01,Summer,2011,Apr,No Holiday,Fri,Weekday,Mist,30.0,28.345399999999998,68.625,25.8708,307,1920,2227
2011-04-02,Summer,2011,Apr,No Holiday,Sat,Weekend,Mist,31.5,31.5637,65.375,19.714599999999997,898,1354,2252
2011-04-03,Summer,2011,Apr,No Holiday,Sun,Weekend,Clear,37.833299999999994,37.8767,48.0,18.221300000000003,1651,1598,3249
2011-04-04,Summer,2011,Apr,No Holiday,Mon,Weekday,Clear,57.3333,54.2929,42.625,38.5571,734,2381,3115
2011-04-05,Summer,2011,Apr,No Holiday,Tue,Weekday,Mist,41.4167,39.835,64.2083,38.8067,167,1628,1795
2011-04-06,Summer,2011,Apr,No Holiday,Wed,Weekday,Clear,39.0833,38.7608,47.0833,26.3063,413,2395,2808
2011-04-07,Summer,2011,Apr,No Holiday,Thu,Weekday,Clear,43.75,43.369600000000005,60.291700000000006,16.2312,571,2570,3141
2011-04-08,Summer,2011,Apr,No Holiday,Fri,Weekday,Mist,33.5833,32.447900000000004,83.625,22.6992,172,1299,1471
2011-04-09,Summer,2011,Apr,No Holiday,Sat,Weekend,Mist,34.25,34.1529,87.75,13.308300000000001,879,1576,2455
2011-04-10,Summer,2011,Apr,No Holiday,Sun,Weekend,Mist,42.6667,42.6737,85.75,14.6767,1188,1707,2895
2011-04-11,Summer,2011,Apr,No Holiday,Mon,Weekday,Mist,59.5652,56.521699999999996,71.6956,32.4474,855,2493,3348
2011-04-12,Summer,2011,Apr,No Holiday,Tue,Weekday,Mist,50.24999999999999,49.3054,73.9167,27.4879,257,1777,2034
2011-04-13,Summer,2011,Apr,No Holiday,Wed,Weekday,Mist,41.25,41.728300000000004,81.91669999999999,25.0617,209,1953,2162
2011-04-14,Summer,2011,Apr,No Holiday,Thu,Weekday,Clear,46.75,46.2742,54.041700000000006,11.07,529,2738,3267
2011-04-15,Summer,2011,Apr,Holiday,Fri,Weekend,Clear,44.6667,44.1913,67.125,22.6375,642,2484,3126
2011-04-16,Summer,2011,Apr,No Holiday,Sat,Weekend,Light Rain,43.0833,42.5492,88.83330000000001,34.080799999999996,121,674,795
2011-04-17,Summer,2011,Apr,No Holiday,Sun,Weekend,Clear,45.6667,44.5696,47.9583,30.3496,1558,2186,3744
2011-04-18,Summer,2011,Apr,No Holiday,Mon,Weekday,Clear,51.24999999999999,50.3146,54.25,16.3567,669,2760,3429
2011-04-19,Summer,2011,Apr,No Holiday,Tue,Weekday,Mist,50.583299999999994,48.9258,66.5833,15.7971,409,2795,3204
2011-04-20,Summer,2011,Apr,No Holiday,Wed,Weekday,Clear,59.5,56.4392,61.4167,24.1925,613,3331,3944
2011-04-21,Summer,2011,Apr,No Holiday,Thu,Weekday,Clear,45.9167,45.3892,40.708299999999994,32.5258,745,3444,4189
2011-04-22,Summer,2011,Apr,No Holiday,Fri,Weekday,Mist,33.6667,32.1954,72.9583,21.952099999999998,177,1506,1683
2011-04-23,Summer,2011,Apr,No Holiday,Sat,Weekend,Mist,46.0,45.0121,88.79169999999999,23.0725,1462,2574,4036
2011-04-24,Summer,2011,Apr,No Holiday,Sun,Weekend,Mist,58.166700000000006,55.1763,81.08330000000001,19.2175,1710,2481,4191
2011-04-25,Summer,2011,Apr,No Holiday,Mon,Weekday,Clear,60.6667,57.45,77.6667,18.5333,773,3300,4073
2011-04-26,Summer,2011,Apr,No Holiday,Tue,Weekday,Clear,63.1667,59.408300000000004,72.9167,32.65,678,3722,4400
2011-04-27,Summer,2011,Apr,No Holiday,Wed,Weekday,Mist,62.0,57.5142,83.54169999999999,31.22,547,3325,3872
2011-04-28,Summer,2011,Apr,No Holiday,Thu,Weekday,Mist,61.75000000000001,57.892900000000004,70.08330000000001,32.0908,569,3489,4058
2011-04-29,Summer,2011,Apr,No Holiday,Fri,Weekday,Clear,51.0,49.7463,45.7083,24.0063,878,3717,4595
2011-04-30,Summer,2011,Apr,No Holiday,Sat,Weekend,Clear,47.25,46.402100000000004,50.3333,23.5075,1965,3347,5312
2011-05-01,Summer,2011,May,No Holiday,Sun,Weekend,Mist,45.1667,44.8204,76.2083,10.6354,1138,2213,3351
2011-05-02,Summer,2011,May,No Holiday,Mon,Weekday,Mist,54.9167,53.2833,73.0,18.3454,847,3554,4401
2011-05-03,Summer,2011,May,No Holiday,Tue,Weekday,Mist,61.6667,58.2079,69.7083,34.2667,603,3848,4451
2011-05-04,Summer,2011,May,No Holiday,Wed,Weekday,Mist,41.4167,40.465,73.70830000000001,32.8996,255,2378,2633
2011-05-05,Summer,2011,May,No Holiday,Thu,Weekday,Clear,45.9167,44.1917,44.4167,29.539199999999997,614,3819,4433
2011-05-06,Summer,2011,May,No Holiday,Fri,Weekday,Clear,47.9167,47.4117,59.0,22.8246,894,3714,4608
2011-05-07,Summer,2011,May,No Holiday,Sat,Weekend,Clear,52.0,51.2621,54.125,16.045,1612,3102,4714
2011-05-08,Summer,2011,May,No Holiday,Sun,Weekend,Clear,52.83330000000001,51.893299999999996,63.1667,7.463749999999999,1401,2932,4333
2011-05-09,Summer,2011,May,No Holiday,Mon,Weekday,Clear,53.25,52.5246,58.875,17.599999999999998,664,3698,4362
2011-05-10,Summer,2011,May,No Holiday,Tue,Weekday,Clear,53.25,52.2721,48.9167,11.5671,694,4109,4803
2011-05-11,Summer,2011,May,No Holiday,Wed,Weekday,Clear,54.25,52.839999999999996,63.29169999999999,12.0642,550,3632,4182
2011-05-12,Summer,2011,May,No Holiday,Thu,Weekday,Clear,53.5,52.3363,74.75,18.9667,695,4169,4864
2011-05-13,Summer,2011,May,No Holiday,Fri,Weekday,Mist,51.24999999999999,49.43,86.33330000000001,17.9725,692,3413,4105
2011-05-14,Summer,2011,May,No Holiday,Sat,Weekend,Mist,52.0833,50.0629,92.25,13.495,902,2507,3409
2011-05-15,Summer,2011,May,No Holiday,Sun,Weekend,Mist,56.25,53.6,86.70830000000001,15.2979,1582,2971,4553
2011-05-16,Summer,2011,May,No Holiday,Mon,Weekday,Clear,57.75,55.0512,78.79169999999999,12.687100000000001,773,3185,3958
2011-05-17,Summer,2011,May,No Holiday,Tue,Weekday,Mist,56.166700000000006,53.852900000000005,83.7917,27.7354,678,3445,4123
2011-05-18,Summer,2011,May,No Holiday,Wed,Weekday,Mist,55.00000000000001,52.7158,87.0,20.1492,536,3319,3855
2011-05-19,Summer,2011,May,No Holiday,Thu,Weekday,Mist,53.0833,51.074200000000005,82.9583,10.8213,735,3840,4575
2011-05-20,Summer,2011,May,No Holiday,Fri,Weekday,Clear,53.6667,52.9042,71.9583,12.5013,909,4008,4917
2011-05-21,Summer,2011,May,No Holiday,Sat,Weekend,Clear,60.25,57.1975,62.6667,12.065,2258,3547,5805
2011-05-22,Summer,2011,May,No Holiday,Sun,Weekend,Clear,60.4167,57.45,74.9583,14.8008,1576,3084,4660
2011-05-23,Summer,2011,May,No Holiday,Mon,Weekday,Mist,63.1667,59.0296,81.0,23.3842,836,3438,4274
2011-05-24,Summer,2011,May,No Holiday,Tue,Weekday,Mist,66.0,60.481300000000005,74.0833,20.7092,659,3833,4492
2011-05-25,Summer,2011,May,No Holiday,Wed,Weekday,Clear,66.0833,61.5542,69.625,15.423300000000001,740,4238,4978
2011-05-26,Summer,2011,May,No Holiday,Thu,Weekday,Clear,70.8333,65.4688,67.75,19.964199999999998,758,3919,4677
2011-05-27,Summer,2011,May,No Holiday,Fri,Weekday,Clear,68.1667,63.7008,65.375,24.0679,871,3808,4679
2011-05-28,Summer,2011,May,No Holiday,Sat,Weekend,Clear,65.5833,61.2379,72.9583,23.0092,2001,2757,4758
2011-05-29,Summer,2011,May,No Holiday,Sun,Weekend,Clear,66.75,61.55500000000001,81.875,21.3938,2355,2433,4788
2011-05-30,Summer,2011,May,Holiday,Mon,Weekend,Clear,73.33330000000001,67.1092,68.5,13.1225,1549,2549,4098
2011-05-31,Summer,2011,May,No Holiday,Tue,Weekday,Clear,77.5,72.5383,63.6667,11.1329,673,3309,3982
2011-06-01,Summer,2011,Jun,No Holiday,Wed,Weekday,Mist,76.4167,72.0967,67.7083,20.7092,513,3461,3974
2011-06-02,Summer,2011,Jun,No Holiday,Thu,Weekday,Clear,71.5,64.3942,30.5,29.228700000000003,736,4232,4968
2011-06-03,Summer,2011,Jun,No Holiday,Fri,Weekday,Clear,62.0,58.713300000000004,35.4167,25.312099999999997,898,4414,5312
2011-06-04,Summer,2011,Jun,No Holiday,Sat,Weekend,Clear,63.5,59.4696,45.625,12.3142,1869,3473,5342
2011-06-05,Summer,2011,Jun,No Holiday,Sun,Weekend,Mist,64.83330000000001,61.6804,65.25,13.869200000000001,1685,3221,4906
2011-06-06,Summer,2011,Jun,No Holiday,Mon,Weekday,Clear,67.8333,62.1858,60.0,12.1896,673,3875,4548
2011-06-07,Summer,2011,Jun,No Holiday,Tue,Weekday,Clear,70.75,65.595,59.791700000000006,18.7808,763,4070,4833
2011-06-08,Summer,2011,Jun,No Holiday,Wed,Weekday,Clear,77.5833,72.7279,62.20830000000001,13.6817,676,3725,4401
2011-06-09,Summer,2011,Jun,No Holiday,Thu,Weekday,Mist,80.8333,75.7579,56.833299999999994,14.988299999999999,563,3352,3915
2011-06-10,Summer,2011,Jun,No Holiday,Fri,Weekday,Clear,75.5,70.3292,60.5,14.0554,815,3771,4586
2011-06-11,Summer,2011,Jun,No Holiday,Sat,Weekend,Clear,72.5,67.80380000000001,65.45830000000001,15.485,1729,3237,4966
2011-06-12,Summer,2011,Jun,No Holiday,Sun,Weekend,Clear,69.25,64.33250000000001,74.7917,16.3567,1467,2993,4460
2011-06-13,Summer,2011,Jun,No Holiday,Mon,Weekday,Clear,63.5,60.165400000000005,49.4583,30.535,863,4157,5020
2011-06-14,Summer,2011,Jun,No Holiday,Tue,Weekday,Clear,60.4167,59.1546,50.708299999999994,26.9283,727,4164,4891
2011-06-15,Summer,2011,Jun,No Holiday,Wed,Weekday,Clear,62.6667,58.7754,47.1667,16.7912,769,4411,5180
2011-06-16,Summer,2011,Jun,No Holiday,Thu,Weekday,Mist,62.8333,59.534600000000005,68.8333,20.6471,545,3222,3767
2011-06-17,Summer,2011,Jun,No Holiday,Fri,Weekday,Clear,64.9167,60.0383,73.5833,14.3029,863,3981,4844
2011-06-18,Summer,2011,Jun,No Holiday,Sat,Weekend,Clear,69.6667,64.39540000000001,67.0417,11.9408,1807,3312,5119
2011-06-19,Summer,2011,Jun,No Holiday,Sun,Weekend,Mist,69.91669999999999,64.58460000000001,66.6667,10.2,1639,3105,4744
2011-06-20,Summer,2011,Jun,No Holiday,Mon,Weekday,Mist,63.5,59.534600000000005,74.625,15.5475,699,3311,4010
2011-06-21,Fall,2011,Jun,No Holiday,Tue,Weekday,Mist,68.08330000000001,63.7646,77.0417,17.102500000000003,774,4061,4835
2011-06-22,Fall,2011,Jun,No Holiday,Wed,Weekday,Clear,73.33330000000001,69.3829,70.75,17.2262,661,3846,4507
2011-06-23,Fall,2011,Jun,No Holiday,Thu,Weekday,Mist,72.8333,69.3833,70.3333,23.880399999999998,746,4044,4790
2011-06-24,Fall,2011,Jun,No Holiday,Fri,Weekday,Clear,72.4167,65.6583,57.3333,22.2025,969,4022,4991
2011-06-25,Fall,2011,Jun,No Holiday,Sat,Weekend,Clear,69.5,64.3313,48.3333,20.9571,1782,3420,5202
2011-06-26,Fall,2011,Jun,No Holiday,Sun,Weekend,Clear,68.0,63.7629,51.3333,9.45333,1920,3385,5305
2011-06-27,Fall,2011,Jun,No Holiday,Mon,Weekday,Mist,68.25,63.7004,65.8333,10.7588,854,3854,4708
2011-06-28,Fall,2011,Jun,No Holiday,Tue,Weekday,Clear,74.4167,69.2558,63.416700000000006,14.4283,732,3916,4648
2011-06-29,Fall,2011,Jun,No Holiday,Wed,Weekday,Clear,72.8333,65.4688,49.7917,26.182100000000002,848,4377,5225
2011-06-30,Fall,2011,Jun,No Holiday,Thu,Weekday,Clear,69.6667,63.7008,43.416700000000006,18.531200000000002,1027,4488,5515
2011-07-01,Fall,2011,Jul,No Holiday,Fri,Weekday,Clear,72.25,65.2162,39.625,10.2608,1246,4116,5362
2011-07-02,Fall,2011,Jul,No Holiday,Sat,Weekend,Clear,73.83330000000001,66.7308,44.4583,11.5062,2204,2915,5119
2011-07-03,Fall,2011,Jul,No Holiday,Sun,Weekend,Mist,71.6667,66.8575,68.25,22.8858,2282,2367,4649
2011-07-04,Fall,2011,Jul,Holiday,Mon,Weekend,Mist,72.66669999999999,66.5417,63.7917,8.147920000000001,3065,2978,6043
2011-07-05,Fall,2011,Jul,No Holiday,Tue,Weekday,Clear,74.66669999999999,69.63380000000001,59.0417,12.625800000000002,1031,3634,4665
2011-07-06,Fall,2011,Jul,No Holiday,Wed,Weekday,Clear,72.0,68.5633,74.33330000000001,14.988299999999999,784,3845,4629
2011-07-07,Fall,2011,Jul,No Holiday,Thu,Weekday,Clear,75.0,68.6871,65.125,15.920000000000002,754,3838,4592
2011-07-08,Fall,2011,Jul,No Holiday,Fri,Weekday,Mist,70.9167,67.04830000000001,75.79169999999999,22.5129,692,3348,4040
2011-07-09,Fall,2011,Jul,No Holiday,Sat,Weekend,Clear,73.33330000000001,66.4158,60.9167,16.7912,1988,3348,5336
2011-07-10,Fall,2011,Jul,No Holiday,Sun,Weekend,Clear,74.75,69.0025,57.8333,18.3471,1743,3138,4881
2011-07-11,Fall,2011,Jul,No Holiday,Mon,Weekday,Clear,76.25,72.9804,63.5833,28.2337,723,3363,4086
2011-07-12,Fall,2011,Jul,No Holiday,Tue,Weekday,Clear,79.41669999999999,73.9275,55.9167,20.025399999999998,662,3596,4258
2011-07-13,Fall,2011,Jul,No Holiday,Wed,Weekday,Clear,74.66669999999999,68.9404,63.1667,14.6133,748,3594,4342
2011-07-14,Fall,2011,Jul,No Holiday,Thu,Weekday,Clear,68.08330000000001,63.5104,47.625,24.0667,888,4196,5084
2011-07-15,Fall,2011,Jul,No Holiday,Fri,Weekday,Clear,66.3333,62.4371,59.12500000000001,18.2833,1318,4220,5538
2011-07-16,Fall,2011,Jul,No Holiday,Sat,Weekend,Clear,68.6667,63.8263,58.5,20.8342,2418,3505,5923
2011-07-17,Fall,2011,Jul,No Holiday,Sun,Weekend,Clear,71.9167,66.9833,60.4167,24.5033,2006,3296,5302
2011-07-18,Fall,2011,Jul,No Holiday,Mon,Weekday,Clear,74.66669999999999,70.3925,65.125,21.5804,841,3617,4458
2011-07-19,Fall,2011,Jul,No Holiday,Tue,Weekday,Clear,77.6667,74.7479,65.0417,13.059999999999999,752,3789,4541
2011-07-20,Fall,2011,Jul,No Holiday,Wed,Weekday,Clear,76.83330000000001,74.685,70.70830000000001,11.3817,644,3688,4332
2011-07-21,Fall,2011,Jul,No Holiday,Thu,Weekday,Mist,81.5,82.6371,69.125,22.202099999999998,632,3152,3784
2011-07-22,Fall,2011,Jul,No Holiday,Fri,Weekday,Clear,84.8333,84.0896,58.0417,13.309999999999999,562,2825,3387
2011-07-23,Fall,2011,Jul,No Holiday,Sat,Weekend,Clear,84.9167,80.42869999999999,50.0,13.1221,987,2298,3285
2011-07-24,Fall,2011,Jul,No Holiday,Sun,Weekend,Clear,83.0,79.4829,55.0833,16.917099999999998,1050,2556,3606
2011-07-25,Fall,2011,Jul,No Holiday,Mon,Weekday,Clear,74.33330000000001,72.0958,75.7083,9.080829999999999,568,3272,3840
2011-07-26,Fall,2011,Jul,No Holiday,Tue,Weekday,Clear,77.1667,69.6979,54.0833,20.0258,750,3840,4590
2011-07-27,Fall,2011,Jul,No Holiday,Wed,Weekday,Clear,77.5,69.0667,40.291700000000006,18.3463,755,3901,4656
2011-07-28,Fall,2011,Jul,No Holiday,Thu,Weekday,Clear,77.9167,73.99,58.3333,17.8479,606,3784,4390
2011-07-29,Fall,2011,Jul,No Holiday,Fri,Weekday,Clear,83.8333,78.5967,54.25,17.4138,670,3176,3846
2011-07-30,Fall,2011,Jul,No Holiday,Sat,Weekend,Clear,80.41669999999999,72.8537,46.5833,16.8537,1559,2916,4475
2011-07-31,Fall,2011,Jul,No Holiday,Sun,Weekend,Clear,80.58330000000001,72.9796,48.0833,16.481299999999997,1524,2778,4302
2011-08-01,Fall,2011,Aug,No Holiday,Mon,Weekday,Clear,77.1667,70.3292,55.0833,15.6717,729,3537,4266
2011-08-02,Fall,2011,Aug,No Holiday,Tue,Weekday,Clear,78.3333,70.7071,49.125,20.585,801,4044,4845
2011-08-03,Fall,2011,Aug,No Holiday,Wed,Weekday,Mist,73.16669999999999,67.9937,65.75,13.558300000000001,467,3107,3574
2011-08-04,Fall,2011,Aug,No Holiday,Thu,Weekday,Mist,71.0,66.4788,75.75,19.715,799,3777,4576
2011-08-05,Fall,2011,Aug,No Holiday,Fri,Weekday,Clear,71.08330000000001,65.6567,63.083299999999994,18.4696,1023,3843,4866
2011-08-06,Fall,2011,Aug,No Holiday,Sat,Weekend,Mist,71.6667,67.61540000000001,75.5,22.825,1521,2773,4294
2011-08-07,Fall,2011,Aug,No Holiday,Sun,Weekend,Clear,74.25,71.5292,75.29169999999999,20.1487,1298,2487,3785
2011-08-08,Fall,2011,Aug,No Holiday,Mon,Weekday,Clear,76.5,70.3283,59.2083,19.2175,846,3480,4326
2011-08-09,Fall,2011,Aug,No Holiday,Tue,Weekday,Clear,77.5,72.4121,57.04169999999999,15.1121,907,3695,4602
2011-08-10,Fall,2011,Aug,No Holiday,Wed,Weekday,Clear,76.66669999999999,68.4983,42.4167,20.0258,884,3896,4780
2011-08-11,Fall,2011,Aug,No Holiday,Thu,Weekday,Clear,71.75,65.1521,42.375,16.4796,812,3980,4792
2011-08-12,Fall,2011,Aug,No Holiday,Fri,Weekday,Clear,70.8333,65.4042,41.5,12.562100000000001,1051,3854,4905
2011-08-13,Fall,2011,Aug,No Holiday,Sat,Weekend,Mist,68.58330000000001,64.5858,72.9583,21.1454,1504,2646,4150
2011-08-14,Fall,2011,Aug,No Holiday,Sun,Weekend,Mist,67.6667,62.43880000000001,81.75,22.2633,1338,2482,3820
2011-08-15,Fall,2011,Aug,No Holiday,Mon,Weekday,Clear,66.5833,61.6167,71.20830000000001,20.8954,775,3563,4338
2011-08-16,Fall,2011,Aug,No Holiday,Tue,Weekday,Clear,70.08330000000001,64.5837,57.8333,23.6329,721,4004,4725
2011-08-17,Fall,2011,Aug,No Holiday,Wed,Weekday,Clear,72.3333,66.6671,57.5417,14.366699999999998,668,4026,4694
2011-08-18,Fall,2011,Aug,No Holiday,Thu,Weekday,Clear,71.1667,66.2258,65.45830000000001,23.3208,639,3166,3805
2011-08-19,Fall,2011,Aug,No Holiday,Fri,Weekday,Mist,68.5,63.322100000000006,72.2917,13.930799999999998,797,3356,4153
2011-08-20,Fall,2011,Aug,No Holiday,Sat,Weekend,Clear,69.75,64.8996,67.41669999999999,10.4467,1914,3277,5191
2011-08-21,Fall,2011,Aug,No Holiday,Sun,Weekend,Clear,71.08330000000001,67.55250000000001,77.0,24.8754,1249,2624,3873
2011-08-22,Fall,2011,Aug,No Holiday,Mon,Weekday,Clear,69.1667,63.8254,47.0,27.675,833,3925,4758
2011-08-23,Fall,2011,Aug,No Holiday,Tue,Weekday,Clear,64.0833,60.606700000000004,45.5417,14.676300000000001,1281,4614,5895
2011-08-24,Fall,2011,Aug,No Holiday,Wed,Weekday,Clear,67.3333,63.0692,60.5,25.3108,949,4181,5130
2011-08-25,Fall,2011,Aug,No Holiday,Thu,Weekday,Mist,68.41669999999999,64.5854,77.1667,21.083299999999998,435,3107,3542
2011-08-26,Fall,2011,Aug,No Holiday,Fri,Weekday,Clear,70.0,65.9733,76.125,8.39625,768,3893,4661
2011-08-27,Fall,2011,Aug,No Holiday,Sat,Weekend,Mist,68.0,63.5556,85.0,37.561699999999995,226,889,1115
2011-08-28,Fall,2011,Aug,No Holiday,Sun,Weekend,Clear,70.7059,64.79589999999999,56.1765,30.4659,1415,2919,4334
2011-08-29,Fall,2011,Aug,No Holiday,Mon,Weekday,Clear,63.6667,60.7958,55.45830000000001,15.9825,729,3905,4634
2011-08-30,Fall,2011,Aug,No Holiday,Tue,Weekday,Clear,63.916700000000006,59.4704,54.833299999999994,12.500800000000002,775,4429,5204
2011-08-31,Fall,2011,Aug,No Holiday,Wed,Weekday,Clear,65.6667,61.112100000000005,59.791700000000006,8.33333,688,4370,5058
2011-09-01,Fall,2011,Sep,No Holiday,Thu,Weekday,Clear,65.5,61.49210000000001,63.916700000000006,14.1796,783,4332,5115
2011-09-02,Fall,2011,Sep,No Holiday,Fri,Weekday,Mist,64.33330000000001,60.4808,72.70830000000001,13.9929,875,3852,4727
2011-09-03,Fall,2011,Sep,No Holiday,Sat,Weekend,Clear,66.91669999999999,63.3213,71.6667,18.5325,1935,2549,4484
2011-09-04,Fall,2011,Sep,No Holiday,Sun,Weekend,Clear,70.9167,66.5429,74.20830000000001,20.646700000000003,2521,2419,4940
2011-09-05,Fall,2011,Sep,Holiday,Mon,Weekend,Mist,67.3333,62.564600000000006,79.0417,21.2696,1236,2115,3351
2011-09-06,Fall,2011,Sep,No Holiday,Tue,Weekday,Light Rain,54.0,51.519999999999996,88.6957,34.3943,204,2506,2710
2011-09-07,Fall,2011,Sep,No Holiday,Wed,Weekday,Light Rain,59.9167,54.4229,91.7083,9.70208,118,1878,1996
2011-09-08,Fall,2011,Sep,No Holiday,Thu,Weekday,Light Rain,63.391299999999994,55.5361,93.9565,19.2748,153,1689,1842
2011-09-09,Fall,2011,Sep,No Holiday,Fri,Weekday,Mist,65.0,57.8946,89.79169999999999,12.4379,417,3127,3544
2011-09-10,Fall,2011,Sep,No Holiday,Sat,Weekend,Clear,66.0,60.7962,75.375,15.3608,1750,3595,5345
2011-09-11,Fall,2011,Sep,No Holiday,Sun,Weekend,Clear,65.33330000000001,60.9229,71.375,11.5054,1633,3413,5046
2011-09-12,Fall,2011,Sep,No Holiday,Mon,Weekday,Clear,64.43480000000001,60.21300000000001,69.2174,8.891300000000001,690,4023,4713
2011-09-13,Fall,2011,Sep,No Holiday,Tue,Weekday,Clear,65.0833,60.3554,71.25,14.1804,701,4062,4763
2011-09-14,Fall,2011,Sep,No Holiday,Wed,Weekday,Clear,67.3333,62.69,69.7083,16.73,647,4138,4785
2011-09-15,Fall,2011,Sep,No Holiday,Thu,Weekday,Mist,57.75,55.3671,70.9167,27.1146,428,3231,3659
2011-09-16,Fall,2011,Sep,No Holiday,Fri,Weekday,Mist,46.9167,46.1475,59.0417,16.4183,742,4018,4760
2011-09-17,Fall,2011,Sep,No Holiday,Sat,Weekend,Mist,49.1667,47.8512,71.8333,18.9675,1434,3077,4511
2011-09-18,Fall,2011,Sep,No Holiday,Sun,Weekend,Clear,50.74999999999999,49.0537,69.5,17.848300000000002,1353,2921,4274
2011-09-19,Fall,2011,Sep,No Holiday,Mon,Weekday,Mist,54.9167,52.9675,69.0,15.174199999999999,691,3848,4539
2011-09-20,Fall,2011,Sep,No Holiday,Tue,Weekday,Mist,56.166700000000006,53.221700000000006,88.125,13.495399999999998,438,3203,3641
2011-09-21,Fall,2011,Sep,No Holiday,Wed,Weekday,Mist,59.5,55.05330000000001,90.0,9.640419999999999,539,3813,4352
2011-09-22,Fall,2011,Sep,No Holiday,Thu,Weekday,Mist,62.8333,55.4963,90.2083,12.812499999999998,555,4240,4795
2011-09-23,Winter,2011,Sep,No Holiday,Fri,Weekday,Mist,60.9167,52.21249999999999,97.25,7.83667,258,2137,2395
2011-09-24,Winter,2011,Sep,No Holiday,Sat,Weekend,Mist,60.6667,56.4412,86.25,7.83833,1776,3647,5423
2011-09-25,Winter,2011,Sep,No Holiday,Sun,Weekend,Mist,63.416700000000006,57.26369999999999,84.5,5.03792,1544,3466,5010
2011-09-26,Winter,2011,Sep,No Holiday,Mon,Weekday,Mist,64.9167,58.904199999999996,84.8333,11.07,684,3946,4630
2011-09-27,Winter,2011,Sep,No Holiday,Tue,Weekday,Mist,63.6667,57.45249999999999,88.5417,11.8171,477,3643,4120
2011-09-28,Winter,2011,Sep,No Holiday,Wed,Weekday,Mist,63.5,57.51579999999999,84.875,14.862900000000002,480,3427,3907
2011-09-29,Winter,2011,Sep,No Holiday,Thu,Weekday,Clear,61.6667,57.4512,69.91669999999999,17.2883,653,4186,4839
2011-09-30,Winter,2011,Sep,No Holiday,Fri,Weekday,Clear,56.4167,54.4829,64.75,20.6475,830,4372,5202
2011-10-01,Winter,2011,Oct,No Holiday,Sat,Weekend,Mist,41.0,41.2863,75.375,29.2296,480,1949,2429
2011-10-02,Winter,2011,Oct,No Holiday,Sun,Weekend,Mist,35.6667,34.5317,79.1667,22.2013,616,2302,2918
2011-10-03,Winter,2011,Oct,No Holiday,Mon,Weekday,Mist,38.4167,39.2046,76.0833,8.334579999999999,330,3240,3570
2011-10-04,Winter,2011,Oct,No Holiday,Tue,Weekday,Clear,48.4167,47.2858,71.0,20.5854,486,3970,4456
2011-10-05,Winter,2011,Oct,No Holiday,Wed,Weekday,Clear,53.833299999999994,52.7138,64.79169999999999,17.724999999999998,559,4267,4826
2011-10-06,Winter,2011,Oct,No Holiday,Thu,Weekday,Clear,49.416700000000006,48.0425,62.083299999999994,13.495399999999998,639,4126,4765
2011-10-07,Winter,2011,Oct,No Holiday,Fri,Weekday,Clear,51.0833,50.4404,68.41669999999999,2.23917,949,4036,4985
2011-10-08,Winter,2011,Oct,No Holiday,Sat,Weekend,Clear,52.1667,51.3242,70.125,4.54042,2235,3174,5409
2011-10-09,Winter,2011,Oct,No Holiday,Sun,Weekend,Clear,54.0833,52.3983,72.75,6.345000000000001,2397,3114,5511
2011-10-10,Winter,2011,Oct,Holiday,Mon,Weekend,Clear,57.0833,54.2925,73.375,4.23042,1514,3603,5117
2011-10-11,Winter,2011,Oct,No Holiday,Tue,Weekday,Mist,56.666700000000006,54.6096,80.875,14.3042,667,3896,4563
2011-10-12,Winter,2011,Oct,No Holiday,Wed,Weekday,Light Rain,54.333299999999994,51.771699999999996,90.625,24.815,217,2199,2416
2011-10-13,Winter,2011,Oct,No Holiday,Thu,Weekday,Mist,58.9167,55.1804,89.6667,14.1787,290,2623,2913
2011-10-14,Winter,2011,Oct,No Holiday,Fri,Weekday,Mist,55.0833,52.9675,71.625,22.3883,529,3115,3644
2011-10-15,Winter,2011,Oct,No Holiday,Sat,Weekend,Clear,50.6667,49.872499999999995,48.3333,25.8083,1899,3318,5217
2011-10-16,Winter,2011,Oct,No Holiday,Sun,Weekend,Clear,51.1667,50.3154,48.6667,28.1717,1748,3293,5041
2011-10-17,Winter,2011,Oct,No Holiday,Mon,Weekday,Clear,53.41669999999999,51.0725,57.958299999999994,17.5379,713,3857,4570
2011-10-18,Winter,2011,Oct,No Holiday,Tue,Weekday,Mist,53.25,52.2721,70.1667,11.008700000000001,637,4111,4748
2011-10-19,Winter,2011,Oct,No Holiday,Wed,Weekday,Light Rain,54.173899999999996,51.3848,89.52170000000001,24.3339,254,2170,2424
2011-10-20,Winter,2011,Oct,No Holiday,Thu,Weekday,Clear,47.5833,46.6525,63.625,42.2275,471,3724,4195
2011-10-21,Winter,2011,Oct,No Holiday,Fri,Weekday,Clear,42.75,42.3596,57.4167,22.1396,676,3628,4304
2011-10-22,Winter,2011,Oct,No Holiday,Sat,Weekend,Clear,42.25,42.5492,62.916700000000006,9.266670000000001,1499,2809,4308
2011-10-23,Winter,2011,Oct,No Holiday,Sun,Weekend,Clear,42.1667,42.2333,74.125,9.95125,1619,2762,4381
2011-10-24,Winter,2011,Oct,No Holiday,Mon,Weekday,Clear,46.3333,45.7067,77.2083,11.879199999999999,699,3488,4187
2011-10-25,Winter,2011,Oct,No Holiday,Tue,Weekday,Clear,47.1667,46.3375,62.291700000000006,16.6658,695,3992,4687
2011-10-26,Winter,2011,Oct,No Holiday,Wed,Weekday,Mist,48.4167,47.2846,72.04169999999999,14.8642,404,3490,3894
2011-10-27,Winter,2011,Oct,No Holiday,Thu,Weekday,Mist,47.0,45.7046,81.2917,19.7763,240,2419,2659
2011-10-28,Winter,2011,Oct,No Holiday,Fri,Weekday,Mist,33.0833,31.8812,58.58330000000001,22.947899999999997,456,3291,3747
2011-10-29,Winter,2011,Oct,No Holiday,Sat,Weekend,Light Rain,25.4167,22.7913,88.25,35.1371,57,570,627
2011-10-30,Winter,2011,Oct,No Holiday,Sun,Weekend,Clear,31.9167,32.1329,62.375,17.6617,885,2446,3331
2011-10-31,Winter,2011,Oct,No Holiday,Mon,Weekday,Clear,34.0,35.606300000000005,70.3333,10.635,362,3307,3669
2011-11-01,Winter,2011,Nov,No Holiday,Tue,Weekday,Clear,40.0833,39.7088,68.375,13.5571,410,3658,4068
2011-11-02,Winter,2011,Nov,No Holiday,Wed,Weekday,Clear,37.75,39.0133,71.875,8.20917,370,3816,4186
2011-11-03,Winter,2011,Nov,No Holiday,Thu,Weekday,Clear,40.8333,40.592099999999995,70.20830000000001,13.6817,318,3656,3974
2011-11-04,Winter,2011,Nov,No Holiday,Fri,Weekday,Mist,40.3333,40.3392,62.25000000000001,27.1779,470,3576,4046
2011-11-05,Winter,2011,Nov,No Holiday,Sat,Weekend,Clear,32.6667,32.3854,51.916700000000006,18.906200000000002,1156,2770,3926
2011-11-06,Winter,2011,Nov,No Holiday,Sun,Weekend,Clear,34.8333,36.235800000000005,73.4583,9.20542,952,2697,3649
2011-11-07,Winter,2011,Nov,No Holiday,Mon,Weekday,Clear,39.5,40.0871,75.875,5.7225,373,3662,4035
2011-11-08,Winter,2011,Nov,No Holiday,Tue,Weekday,Clear,40.8333,41.2246,72.16669999999999,6.9037500000000005,376,3829,4205
2011-11-09,Winter,2011,Nov,No Holiday,Wed,Weekday,Clear,40.0,40.907900000000005,75.83330000000001,6.2195800000000006,305,3804,4109
2011-11-10,Winter,2011,Nov,No Holiday,Thu,Weekday,Mist,38.0,37.3721,81.3333,18.9067,190,2743,2933
2011-11-11,Winter,2011,Nov,Holiday,Fri,Weekend,Clear,32.4167,30.6817,44.625,31.467499999999998,440,2928,3368
2011-11-12,Winter,2011,Nov,No Holiday,Sat,Weekend,Clear,35.6667,35.7942,55.2917,21.2062,1275,2792,4067
2011-11-13,Winter,2011,Nov,No Holiday,Sun,Weekend,Clear,44.083299999999994,43.055,45.8333,28.1721,1004,2713,3717
2011-11-14,Winter,2011,Nov,No Holiday,Mon,Weekday,Clear,53.0,52.4612,58.7083,30.659599999999998,595,3891,4486
2011-11-15,Winter,2011,Nov,No Holiday,Tue,Weekday,Mist,53.0,50.7579,68.875,19.9633,449,3746,4195
2011-11-16,Winter,2011,Nov,No Holiday,Wed,Weekday,Light Rain,45.6667,45.1988,93.0,13.6829,145,1672,1817
2011-11-17,Winter,2011,Nov,No Holiday,Thu,Weekday,Mist,34.1667,32.3221,57.5833,30.5362,139,2914,3053
2011-11-18,Winter,2011,Nov,No Holiday,Fri,Weekday,Clear,27.4167,27.2721,41.0,16.853299999999997,245,3147,3392
2011-11-19,Winter,2011,Nov,No Holiday,Sat,Weekend,Clear,32.9167,32.4483,50.208299999999994,22.4496,943,2720,3663
2011-11-20,Winter,2011,Nov,No Holiday,Sun,Weekend,Mist,46.3333,45.7058,68.45830000000001,18.595,787,2733,3520
2011-11-21,Winter,2011,Nov,No Holiday,Mon,Weekday,Light Rain,44.75,44.5062,91.0,13.8054,220,2545,2765
2011-11-22,Winter,2011,Nov,No Holiday,Tue,Weekday,Light Rain,41.6667,42.1696,96.25,11.879199999999999,69,1538,1607
2011-11-23,Winter,2011,Nov,No Holiday,Wed,Weekday,Mist,44.083299999999994,43.0537,75.79169999999999,33.582499999999996,112,2454,2566
2011-11-24,Winter,2011,Nov,Holiday,Thu,Weekend,Clear,37.3333,37.2471,54.9167,16.7304,560,935,1495
2011-11-25,Winter,2011,Nov,No Holiday,Fri,Weekday,Clear,37.5,38.067099999999996,64.375,9.88958,1095,1697,2792
2011-11-26,Winter,2011,Nov,No Holiday,Sat,Weekend,Clear,37.583299999999994,38.508700000000005,68.1667,6.84208,1249,1819,3068
2011-11-27,Winter,2011,Nov,No Holiday,Sun,Weekend,Clear,45.9167,45.58,69.8333,20.8954,810,2261,3071
2011-11-28,Winter,2011,Nov,No Holiday,Mon,Weekday,Clear,50.3478,49.0122,74.3043,14.2122,253,3614,3867
2011-11-29,Winter,2011,Nov,No Holiday,Tue,Weekday,Mist,45.8333,45.1375,83.08330000000001,25.809199999999997,96,2818,2914
2011-11-30,Winter,2011,Nov,No Holiday,Wed,Weekday,Clear,32.5,31.122100000000003,61.3333,27.1158,188,3425,3613
2011-12-01,Winter,2011,Dec,No Holiday,Thu,Weekday,Clear,31.25,30.5554,52.4583,22.0158,182,3545,3727
2011-12-02,Winter,2011,Dec,No Holiday,Fri,Weekday,Clear,31.4167,33.143299999999996,62.583299999999994,10.0754,268,3672,3940
2011-12-03,Winter,2011,Dec,No Holiday,Sat,Weekend,Clear,29.916700000000002,31.060399999999998,61.291700000000006,9.57833,706,2908,3614
2011-12-04,Winter,2011,Dec,No Holiday,Sun,Weekend,Clear,33.0833,34.910000000000004,77.5833,8.39583,634,2851,3485
2011-12-05,Winter,2011,Dec,No Holiday,Mon,Weekday,Mist,38.5833,39.392500000000005,82.70830000000001,6.22083,233,3578,3811
2011-12-06,Winter,2011,Dec,No Holiday,Tue,Weekday,Light Rain,46.25,45.64,94.9583,23.258300000000002,126,2468,2594
2011-12-07,Winter,2011,Dec,No Holiday,Wed,Weekday,Light Rain,41.0,40.0246,97.04169999999999,26.6175,50,655,705
2011-12-08,Winter,2011,Dec,No Holiday,Thu,Weekday,Clear,26.583299999999998,25.6938,57.99999999999999,24.0058,150,3172,3322
2011-12-09,Winter,2011,Dec,No Holiday,Fri,Weekday,Clear,29.0833,31.754199999999997,69.58330000000001,8.27167,261,3359,3620
2011-12-10,Winter,2011,Dec,No Holiday,Sat,Weekend,Clear,27.500000000000004,26.641199999999998,50.74999999999999,23.322100000000002,502,2688,3190
2011-12-11,Winter,2011,Dec,No Holiday,Sun,Weekend,Clear,22.0833,25.3154,49.0,6.65417,377,2366,2743
2011-12-12,Winter,2011,Dec,No Holiday,Mon,Weekday,Clear,23.833299999999998,27.0196,67.08330000000001,6.345000000000001,143,3167,3310
2011-12-13,Winter,2011,Dec,No Holiday,Tue,Weekday,Clear,28.249999999999996,30.1138,59.0,14.055000000000001,155,3368,3523
2011-12-14,Winter,2011,Dec,No Holiday,Wed,Weekday,Mist,31.75,33.8362,66.375,6.09583,178,3562,3740
2011-12-15,Winter,2011,Dec,No Holiday,Thu,Weekday,Mist,42.25,41.2237,63.416700000000006,26.8042,181,3528,3709
2011-12-16,Winter,2011,Dec,No Holiday,Fri,Weekday,Mist,37.5,35.9825,50.0417,26.0575,178,3399,3577
2011-12-17,Winter,2011,Dec,No Holiday,Sat,Weekend,Mist,25.833299999999998,24.9371,56.0833,24.3167,275,2464,2739
2011-12-18,Winter,2011,Dec,No Holiday,Sun,Weekend,Clear,23.833299999999998,24.5579,58.62500000000001,16.9779,220,2211,2431
2011-12-19,Winter,2011,Dec,No Holiday,Mon,Weekday,Clear,27.6667,28.0933,63.74999999999999,17.2896,260,3143,3403
2011-12-20,Winter,2011,Dec,No Holiday,Tue,Weekday,Mist,38.5833,39.645399999999995,59.5417,6.1570800000000006,216,3534,3750
2011-12-21,Spring,2011,Dec,No Holiday,Wed,Weekday,Mist,42.8333,42.8017,85.83330000000001,22.14,107,2553,2660
2011-12-22,Spring,2011,Dec,No Holiday,Thu,Weekday,Mist,42.3333,42.612100000000005,75.75,4.7275,227,2841,3068
2011-12-23,Spring,2011,Dec,No Holiday,Fri,Weekday,Clear,37.3333,37.7513,68.625,27.424599999999998,163,2046,2209
2011-12-24,Spring,2011,Dec,No Holiday,Sat,Weekend,Clear,30.25,29.9242,54.25,19.0304,155,856,1011
2011-12-25,Spring,2011,Dec,No Holiday,Sun,Weekend,Clear,27.4783,27.996100000000002,68.13040000000001,15.5091,303,451,754
2011-12-26,Spring,2011,Dec,Holiday,Mon,Weekend,Clear,32.1739,31.5535,50.6957,23.9465,430,887,1317
2011-12-27,Spring,2011,Dec,No Holiday,Tue,Weekday,Mist,32.5,32.7633,76.25,18.845,103,1059,1162
2011-12-28,Spring,2011,Dec,No Holiday,Wed,Weekday,Clear,29.913,27.9974,50.39130000000001,29.396099999999997,255,2047,2302
2011-12-29,Spring,2011,Dec,No Holiday,Thu,Weekday,Clear,24.8333,26.389200000000002,57.4167,11.9412,254,2169,2423
2011-12-30,Spring,2011,Dec,No Holiday,Fri,Weekday,Clear,31.166700000000002,31.8812,63.6667,13.433700000000002,491,2508,2999
2011-12-31,Spring,2011,Dec,No Holiday,Sat,Weekend,Clear,41.0,41.4121,61.583299999999994,22.0154,665,1820,2485
2012-01-01,Spring,2012,Jan,No Holiday,Sun,Weekend,Clear,37.0,37.5621,69.25,19.2167,686,1608,2294
2012-01-02,Spring,2012,Jan,Holiday,Mon,Weekend,Clear,27.304299999999998,25.230399999999996,38.130399999999995,32.966499999999996,244,1707,1951
2012-01-03,Spring,2012,Jan,No Holiday,Tue,Weekday,Clear,15.0,12.6275,44.125,36.5671,89,2147,2236
2012-01-04,Spring,2012,Jan,No Holiday,Wed,Weekday,Mist,10.75,11.9337,41.4583,18.47,95,2273,2368
2012-01-05,Spring,2012,Jan,No Holiday,Thu,Weekday,Clear,26.583299999999998,27.8412,52.416700000000006,12.9987,140,3132,3272
2012-01-06,Spring,2012,Jan,No Holiday,Fri,Weekday,Clear,33.4167,34.0267,54.2083,16.7908,307,3791,4098
2012-01-07,Spring,2012,Jan,No Holiday,Sat,Weekend,Clear,39.3333,39.0779,53.1667,17.4758,1070,3451,4521
2012-01-08,Spring,2012,Jan,No Holiday,Sun,Weekend,Clear,33.75,34.025800000000004,46.5,19.1542,599,2826,3425
2012-01-09,Spring,2012,Jan,No Holiday,Mon,Weekday,Mist,22.4167,24.7479,70.1667,9.89,106,2270,2376
2012-01-10,Spring,2012,Jan,No Holiday,Tue,Weekday,Clear,30.869600000000002,31.8826,64.65220000000001,18.7552,173,3425,3598
2012-01-11,Spring,2012,Jan,No Holiday,Wed,Weekday,Mist,27.4167,28.2821,84.75,13.1221,92,2085,2177
2012-01-12,Spring,2012,Jan,No Holiday,Thu,Weekday,Mist,38.25,38.1938,80.2917,18.0967,269,3828,4097
2012-01-13,Spring,2012,Jan,No Holiday,Fri,Weekday,Clear,27.4167,24.9362,50.74999999999999,37.8108,174,3040,3214
2012-01-14,Spring,2012,Jan,No Holiday,Sat,Weekend,Clear,18.0,18.3087,45.75,18.7183,333,2160,2493
2012-01-15,Spring,2012,Jan,No Holiday,Sun,Weekend,Clear,16.666700000000002,16.162499999999998,41.9167,25.125799999999998,284,2027,2311
2012-01-16,Spring,2012,Jan,Holiday,Mon,Weekend,Clear,19.0,19.0663,52.25,23.1358,217,2081,2298
2012-01-17,Spring,2012,Jan,No Holiday,Tue,Weekday,Mist,37.3043,36.4278,71.6087,34.913,127,2808,2935
2012-01-18,Spring,2012,Jan,No Holiday,Wed,Weekday,Clear,30.3333,27.5254,44.333299999999994,41.542899999999996,109,3267,3376
2012-01-19,Spring,2012,Jan,No Holiday,Thu,Weekday,Clear,19.0,19.003800000000002,49.75,22.0158,130,3162,3292
2012-01-20,Spring,2012,Jan,No Holiday,Fri,Weekday,Mist,21.75,22.095799999999997,45.0,20.275000000000002,115,3048,3163
2012-01-21,Spring,2012,Jan,No Holiday,Sat,Weekend,Mist,17.333299999999998,17.4875,83.125,22.264200000000002,67,1234,1301
2012-01-22,Spring,2012,Jan,No Holiday,Sun,Weekend,Mist,16.25,16.225,79.625,19.963800000000003,196,1781,1977
2012-01-23,Spring,2012,Jan,No Holiday,Mon,Weekday,Mist,21.8333,24.305799999999998,91.125,11.0708,145,2287,2432
2012-01-24,Spring,2012,Jan,No Holiday,Tue,Weekday,Clear,34.25,34.910799999999995,83.58330000000001,12.3767,439,3900,4339
2012-01-25,Spring,2012,Jan,No Holiday,Wed,Weekday,Clear,29.416700000000002,29.4821,64.375,16.1071,467,3803,4270
2012-01-26,Spring,2012,Jan,No Holiday,Thu,Weekday,Mist,34.1667,35.605,76.95830000000001,7.33958,244,3831,4075
2012-01-27,Spring,2012,Jan,No Holiday,Fri,Weekday,Mist,42.5,41.5383,74.125,34.2667,269,3187,3456
2012-01-28,Spring,2012,Jan,No Holiday,Sat,Weekend,Clear,31.583299999999998,32.637899999999995,54.333299999999994,21.0829,775,3248,4023
2012-01-29,Spring,2012,Jan,No Holiday,Sun,Weekend,Clear,28.249999999999996,27.2721,31.125000000000004,24.005000000000003,558,2685,3243
2012-01-30,Spring,2012,Jan,No Holiday,Mon,Weekday,Clear,26.9167,26.2625,40.0833,21.5792,126,3498,3624
2012-01-31,Spring,2012,Jan,No Holiday,Tue,Weekday,Clear,39.0,38.1317,41.6667,26.181700000000003,324,4185,4509
2012-02-01,Spring,2012,Feb,No Holiday,Wed,Weekday,Clear,46.9167,46.653800000000004,50.79169999999999,18.9067,304,4275,4579
2012-02-02,Spring,2012,Feb,No Holiday,Thu,Weekday,Mist,39.9167,39.8971,67.29169999999999,18.7187,190,3571,3761
2012-02-03,Spring,2012,Feb,No Holiday,Fri,Weekday,Clear,31.333299999999998,30.9346,52.6667,17.8496,310,3841,4151
2012-02-04,Spring,2012,Feb,No Holiday,Sat,Weekend,Mist,26.4167,27.2725,77.95830000000001,12.1896,384,2448,2832
2012-02-05,Spring,2012,Feb,No Holiday,Sun,Weekend,Mist,26.583299999999998,26.4521,68.7917,17.599600000000002,318,2629,2947
2012-02-06,Spring,2012,Feb,No Holiday,Mon,Weekday,Clear,28.2609,29.6426,62.2174,15.379999999999999,206,3578,3784
2012-02-07,Spring,2012,Feb,No Holiday,Tue,Weekday,Clear,35.4167,36.1104,49.625,14.737900000000002,199,4176,4375
2012-02-08,Spring,2012,Feb,No Holiday,Wed,Weekday,Mist,25.6667,26.642100000000003,72.2917,13.372100000000001,109,2693,2802
2012-02-09,Spring,2012,Feb,No Holiday,Thu,Weekday,Clear,26.5,26.1988,56.2083,19.403699999999997,163,3667,3830
2012-02-10,Spring,2012,Feb,No Holiday,Fri,Weekday,Mist,28.0833,29.3558,54.0,11.6929,227,3604,3831
2012-02-11,Spring,2012,Feb,No Holiday,Sat,Weekend,Light Rain,22.4167,21.0867,73.125,28.9796,192,1977,2169
2012-02-12,Spring,2012,Feb,No Holiday,Sun,Weekend,Clear,12.75,10.165799999999999,46.4583,40.9212,73,1456,1529
2012-02-13,Spring,2012,Feb,No Holiday,Mon,Weekday,Clear,22.25,22.7913,41.125,16.728299999999997,94,3328,3422
2012-02-14,Spring,2012,Feb,No Holiday,Tue,Weekday,Mist,31.9167,33.394600000000004,50.875,14.1179,135,3787,3922
2012-02-15,Spring,2012,Feb,No Holiday,Wed,Weekday,Clear,34.8333,35.1629,53.125,18.16,141,4028,4169
2012-02-16,Spring,2012,Feb,No Holiday,Thu,Weekday,Mist,31.6667,33.0162,75.29169999999999,9.1425,74,2931,3005
2012-02-17,Spring,2012,Feb,No Holiday,Fri,Weekday,Clear,34.3333,35.1629,63.4583,20.584600000000002,349,3805,4154
2012-02-18,Spring,2012,Feb,No Holiday,Sat,Weekend,Clear,34.6667,35.5425,53.4583,19.0929,1435,2883,4318
2012-02-19,Spring,2012,Feb,No Holiday,Sun,Weekend,Mist,28.000000000000004,26.5788,51.5833,25.3112,618,2071,2689
2012-02-20,Spring,2012,Feb,Holiday,Mon,Weekend,Clear,28.000000000000004,27.3391,50.7826,22.9083,502,2627,3129
2012-02-21,Spring,2012,Feb,No Holiday,Tue,Weekday,Clear,28.782600000000002,29.511300000000002,59.434799999999996,20.5717,163,3614,3777
2012-02-22,Spring,2012,Feb,No Holiday,Wed,Weekday,Clear,39.5833,39.2667,56.7917,23.447100000000002,394,4379,4773
2012-02-23,Spring,2012,Feb,No Holiday,Thu,Weekday,Clear,45.4167,44.4446,55.45830000000001,19.0913,516,4546,5062
2012-02-24,Spring,2012,Feb,No Holiday,Fri,Weekday,Mist,40.75,41.0971,73.75,23.7567,246,3241,3487
2012-02-25,Spring,2012,Feb,No Holiday,Sat,Weekend,Clear,29.0833,25.5675,39.5833,42.1642,317,2415,2732
2012-02-26,Spring,2012,Feb,No Holiday,Sun,Weekend,Clear,27.9167,26.8308,41.0,20.5229,515,2874,3389
2012-02-27,Spring,2012,Feb,No Holiday,Mon,Weekday,Clear,36.6667,35.7954,49.0833,26.803300000000004,253,4069,4322
2012-02-28,Spring,2012,Feb,No Holiday,Tue,Weekday,Clear,35.9167,35.3525,39.5833,19.3417,229,4134,4363
2012-02-29,Spring,2012,Feb,No Holiday,Wed,Weekday,Mist,34.434799999999996,34.847,80.4783,17.9117,65,1769,1834
2012-03-01,Spring,2012,Mar,No Holiday,Thu,Weekday,Clear,48.5833,47.537099999999995,61.5417,22.6987,325,4665,4990
2012-03-02,Spring,2012,Mar,No Holiday,Fri,Weekday,Mist,35.3333,35.9842,65.7083,14.490400000000001,246,2948,3194
2012-03-03,Spring,2012,Mar,No Holiday,Sat,Weekend,Mist,41.4167,41.3492,62.125,16.1079,956,3110,4066
2012-03-04,Spring,2012,Mar,No Holiday,Sun,Weekend,Clear,32.5833,30.3021,40.3333,33.457100000000004,710,2713,3423
2012-03-05,Spring,2012,Mar,No Holiday,Mon,Weekday,Clear,24.333299999999998,24.1171,50.625,22.8858,203,3130,3333
2012-03-06,Spring,2012,Mar,No Holiday,Tue,Weekday,Clear,25.833299999999998,25.504199999999997,45.6667,20.0875,221,3735,3956
2012-03-07,Spring,2012,Mar,No Holiday,Wed,Weekday,Clear,40.4167,38.51,51.3333,34.5779,432,4484,4916
2012-03-08,Spring,2012,Mar,No Holiday,Thu,Weekday,Clear,52.75,52.46039999999999,56.75,44.1563,486,4896,5382
2012-03-09,Spring,2012,Mar,No Holiday,Fri,Weekday,Mist,41.0833,39.7083,40.708299999999994,41.48,447,4122,4569
2012-03-10,Spring,2012,Mar,No Holiday,Sat,Weekend,Clear,28.749999999999996,27.776699999999998,35.0417,22.575,968,3150,4118
2012-03-11,Spring,2012,Mar,No Holiday,Sun,Weekend,Clear,36.173899999999996,35.967,47.6957,22.2587,1658,3253,4911
2012-03-12,Spring,2012,Mar,No Holiday,Mon,Weekday,Clear,46.6667,45.9592,48.9167,20.7713,838,4460,5298
2012-03-13,Spring,2012,Mar,No Holiday,Tue,Weekday,Clear,56.49999999999999,54.2929,61.75000000000001,23.695,762,5085,5847
2012-03-14,Spring,2012,Mar,No Holiday,Wed,Weekday,Clear,57.25,54.8617,50.708299999999994,11.5062,997,5315,6312
2012-03-15,Spring,2012,Mar,No Holiday,Thu,Weekday,Clear,55.75,53.2825,57.958299999999994,14.988299999999999,1005,5187,6192
2012-03-16,Spring,2012,Mar,No Holiday,Fri,Weekday,Mist,43.5833,43.6229,84.20830000000001,11.3192,548,3830,4378
2012-03-17,Spring,2012,Mar,No Holiday,Sat,Weekend,Mist,51.416700000000006,50.504599999999996,75.5833,11.0704,3155,4681,7836
2012-03-18,Spring,2012,Mar,No Holiday,Sun,Weekend,Mist,47.25,46.400000000000006,81.0,12.6883,2207,3685,5892
2012-03-19,Spring,2012,Mar,No Holiday,Mon,Weekday,Clear,54.50000000000001,53.2821,72.875,16.2317,982,5171,6153
2012-03-20,Spring,2012,Mar,No Holiday,Tue,Weekday,Clear,56.0833,53.853300000000004,80.7917,12.1271,1051,5042,6093
2012-03-21,Summer,2012,Mar,No Holiday,Wed,Weekday,Mist,53.1667,51.3258,82.125,8.955829999999999,1122,5108,6230
2012-03-22,Summer,2012,Mar,No Holiday,Thu,Weekday,Clear,55.4167,53.1567,83.125,11.7562,1334,5537,6871
2012-03-23,Summer,2012,Mar,No Holiday,Fri,Weekday,Mist,60.16669999999999,57.0067,69.41669999999999,11.63,2469,5893,8362
2012-03-24,Summer,2012,Mar,No Holiday,Sat,Weekend,Mist,50.24999999999999,48.673300000000005,88.5417,19.2783,1033,2339,3372
2012-03-25,Summer,2012,Mar,No Holiday,Sun,Weekend,Mist,43.75,43.748799999999996,88.0833,22.0775,1532,3464,4996
2012-03-26,Summer,2012,Mar,No Holiday,Mon,Weekday,Clear,44.5833,43.875,47.7917,38.682100000000005,795,4763,5558
2012-03-27,Summer,2012,Mar,No Holiday,Tue,Weekday,Clear,32.3333,31.5654,28.999999999999996,18.7192,531,4571,5102
2012-03-28,Summer,2012,Mar,No Holiday,Wed,Weekday,Clear,48.4167,47.095,48.125,29.1671,674,5024,5698
2012-03-29,Summer,2012,Mar,No Holiday,Thu,Weekday,Clear,49.416700000000006,48.2304,43.9167,31.965,834,5299,6133
2012-03-30,Summer,2012,Mar,No Holiday,Fri,Weekday,Mist,37.0,37.5621,58.0833,13.8067,796,4663,5459
2012-03-31,Summer,2012,Mar,No Holiday,Sat,Weekend,Mist,42.4167,42.1708,73.83330000000001,25.0617,2301,3934,6235
2012-04-01,Summer,2012,Apr,No Holiday,Sun,Weekend,Mist,42.5833,41.7287,67.625,17.2267,2347,3694,6041
2012-04-02,Summer,2012,Apr,No Holiday,Mon,Weekday,Clear,43.3913,42.7513,50.4348,31.2139,1208,4728,5936
2012-04-03,Summer,2012,Apr,No Holiday,Tue,Weekday,Clear,46.6667,46.1483,39.6667,10.0133,1348,5424,6772
2012-04-04,Summer,2012,Apr,No Holiday,Wed,Weekday,Clear,54.1667,53.345,46.958299999999994,18.0975,1058,5378,6436
2012-04-05,Summer,2012,Apr,No Holiday,Thu,Weekday,Clear,43.5,43.1163,37.416700000000006,21.9529,1192,5265,6457
2012-04-06,Summer,2012,Apr,No Holiday,Fri,Weekday,Clear,40.3333,39.076699999999995,37.7083,30.0388,1807,4653,6460
2012-04-07,Summer,2012,Apr,No Holiday,Sat,Weekend,Clear,43.75,42.612899999999996,25.4167,27.487099999999998,3252,3605,6857
2012-04-08,Summer,2012,Apr,No Holiday,Sun,Weekend,Clear,50.0,49.2425,27.5833,23.2596,2230,2939,5169
2012-04-09,Summer,2012,Apr,No Holiday,Mon,Weekday,Clear,48.9167,47.6638,31.75,35.8196,905,4680,5585
2012-04-10,Summer,2012,Apr,No Holiday,Tue,Weekday,Clear,44.6667,43.6233,43.5,24.9375,819,5099,5918
2012-04-11,Summer,2012,Apr,No Holiday,Wed,Weekday,Clear,34.8696,33.7274,46.9565,29.527399999999997,482,4380,4862
2012-04-12,Summer,2012,Apr,No Holiday,Thu,Weekday,Clear,39.75,38.7604,46.625,29.0429,663,4746,5409
2012-04-13,Summer,2012,Apr,No Holiday,Fri,Weekday,Clear,44.25,43.180800000000005,40.8333,15.5471,1252,5146,6398
2012-04-14,Summer,2012,Apr,No Holiday,Sat,Weekend,Clear,49.5,48.7996,50.29169999999999,19.0917,2795,4665,7460
2012-04-15,Summer,2012,Apr,No Holiday,Sun,Weekend,Clear,60.6667,57.3875,50.79169999999999,22.5129,2846,4286,7132
2012-04-16,Summer,2012,Apr,Holiday,Mon,Weekend,Clear,66.41669999999999,61.49250000000001,56.166700000000006,28.4829,1198,5172,6370
2012-04-17,Summer,2012,Apr,No Holiday,Tue,Weekday,Clear,60.8333,59.8487,39.0417,27.3629,989,5702,6691
2012-04-18,Summer,2012,Apr,No Holiday,Wed,Weekday,Mist,46.3333,45.7038,56.9167,16.7912,347,4020,4367
2012-04-19,Summer,2012,Apr,No Holiday,Thu,Weekday,Clear,49.8333,49.3046,61.25000000000001,6.5929199999999994,846,5719,6565
2012-04-20,Summer,2012,Apr,No Holiday,Fri,Weekday,Clear,52.6667,51.5775,69.4583,14.9871,1340,5950,7290
2012-04-21,Summer,2012,Apr,No Holiday,Sat,Weekend,Clear,56.99999999999999,54.2921,68.2917,28.3587,2541,4083,6624
2012-04-22,Summer,2012,Apr,No Holiday,Sun,Weekend,Light Rain,39.6667,38.9504,83.54169999999999,34.4546,120,907,1027
2012-04-23,Summer,2012,Apr,No Holiday,Mon,Weekday,Mist,32.1667,30.112499999999997,76.66669999999999,30.3496,195,3019,3214
2012-04-24,Summer,2012,Apr,No Holiday,Tue,Weekday,Clear,41.3333,40.5283,45.4167,24.938299999999998,518,5115,5633
2012-04-25,Summer,2012,Apr,No Holiday,Wed,Weekday,Clear,47.6667,47.0317,42.7917,11.879199999999999,655,5541,6196
2012-04-26,Summer,2012,Apr,No Holiday,Thu,Weekday,Mist,49.8333,48.3583,75.66669999999999,17.6625,475,4551,5026
2012-04-27,Summer,2012,Apr,No Holiday,Fri,Weekday,Clear,45.75,45.2637,40.0833,34.7633,1014,5219,6233
2012-04-28,Summer,2012,Apr,No Holiday,Sat,Weekend,Mist,37.6667,37.7504,48.9583,12.9975,1120,3100,4220
2012-04-29,Summer,2012,Apr,No Holiday,Sun,Weekend,Clear,45.8333,45.0121,58.7083,11.6908,2229,4075,6304
2012-04-30,Summer,2012,Apr,No Holiday,Mon,Weekday,Mist,46.4167,45.7696,56.99999999999999,17.163800000000002,665,4907,5572
2012-05-01,Summer,2012,May,No Holiday,Tue,Weekday,Mist,61.3333,57.7021,65.95830000000001,15.6096,653,5087,5740
2012-05-02,Summer,2012,May,No Holiday,Wed,Weekday,Clear,56.4167,53.78960000000001,79.7083,13.805799999999998,667,5502,6169
2012-05-03,Summer,2012,May,No Holiday,Thu,Weekday,Mist,56.00000000000001,53.724199999999996,76.83330000000001,13.3696,764,5657,6421
2012-05-04,Summer,2012,May,No Holiday,Fri,Weekday,Clear,62.74999999999999,59.0917,73.54169999999999,16.2938,1069,5227,6296
2012-05-05,Summer,2012,May,No Holiday,Sat,Weekend,Mist,62.1667,58.4608,75.66669999999999,15.299199999999999,2496,4387,6883
2012-05-06,Summer,2012,May,No Holiday,Sun,Weekend,Mist,56.25,54.673700000000004,74.0,14.987900000000002,2135,4224,6359
2012-05-07,Summer,2012,May,No Holiday,Mon,Weekday,Mist,53.75,52.7142,66.41669999999999,23.072100000000002,1008,5265,6273
2012-05-08,Summer,2012,May,No Holiday,Tue,Weekday,Mist,58.166700000000006,55.7471,68.58330000000001,29.602899999999998,738,4990,5728
2012-05-09,Summer,2012,May,No Holiday,Wed,Weekday,Mist,57.49999999999999,55.3025,74.4167,21.641199999999998,620,4097,4717
2012-05-10,Summer,2012,May,No Holiday,Thu,Weekday,Clear,50.583299999999994,49.1783,55.2083,31.406299999999998,1026,5546,6572
2012-05-11,Summer,2012,May,No Holiday,Fri,Weekday,Clear,53.333299999999994,52.0833,36.0417,23.6937,1319,5711,7030
2012-05-12,Summer,2012,May,No Holiday,Sat,Weekend,Clear,56.4167,54.4817,48.0417,12.3133,2622,4807,7429
2012-05-13,Summer,2012,May,No Holiday,Sun,Weekend,Clear,61.25000000000001,58.5238,57.62500000000001,22.5117,2172,3946,6118
2012-05-14,Summer,2012,May,No Holiday,Mon,Weekday,Mist,57.3333,54.99000000000001,78.95830000000001,21.269199999999998,342,2501,2843
2012-05-15,Summer,2012,May,No Holiday,Tue,Weekday,Mist,61.1667,57.6404,79.45830000000001,14.7392,625,4490,5115
2012-05-16,Summer,2012,May,No Holiday,Wed,Weekday,Clear,63.6667,59.597500000000004,69.7917,12.251199999999999,991,6433,7424
2012-05-17,Summer,2012,May,No Holiday,Thu,Weekday,Clear,59.3333,57.261300000000006,52.0,22.9475,1242,6142,7384
2012-05-18,Summer,2012,May,No Holiday,Fri,Weekday,Clear,56.4167,55.1121,52.33330000000001,13.6817,1521,6118,7639
2012-05-19,Summer,2012,May,No Holiday,Sat,Weekend,Clear,60.0,56.690799999999996,45.625,8.397499999999999,3410,4884,8294
2012-05-20,Summer,2012,May,No Holiday,Sun,Weekend,Clear,62.083299999999994,58.3967,53.041700000000006,25.436700000000002,2704,4425,7129
2012-05-21,Summer,2012,May,No Holiday,Mon,Weekday,Mist,59.8333,56.566700000000004,81.125,23.3204,630,3729,4359
2012-05-22,Summer,2012,May,No Holiday,Tue,Weekday,Mist,61.5,58.0825,76.5833,11.816699999999999,819,5254,6073
2012-05-23,Summer,2012,May,No Holiday,Wed,Weekday,Mist,62.1667,58.461200000000005,77.45830000000001,10.2,766,4494,5260
2012-05-24,Summer,2012,May,No Holiday,Thu,Weekday,Clear,65.5,60.67,71.6667,17.2896,1059,5711,6770
2012-05-25,Summer,2012,May,No Holiday,Fri,Weekday,Clear,68.0,62.7529,74.70830000000001,14.055000000000001,1417,5317,6734
2012-05-26,Summer,2012,May,No Holiday,Sat,Weekend,Clear,69.25,64.26960000000001,73.25,19.8992,2855,3681,6536
2012-05-27,Summer,2012,May,No Holiday,Sun,Weekend,Clear,69.0,64.1425,69.7083,21.5171,3283,3308,6591
2012-05-28,Summer,2012,May,Holiday,Mon,Weekend,Clear,71.25,67.93,67.625,19.6521,2557,3486,6043
2012-05-29,Summer,2012,May,No Holiday,Tue,Weekday,Clear,72.25,67.2992,68.45830000000001,29.54,880,4863,5743
2012-05-30,Summer,2012,May,No Holiday,Wed,Weekday,Mist,65.6667,61.1129,67.0,13.4329,745,6110,6855
2012-05-31,Summer,2012,May,No Holiday,Thu,Weekday,Clear,68.0,63.13290000000001,49.2917,19.527900000000002,1100,6238,7338
2012-06-01,Summer,2012,Jun,No Holiday,Fri,Weekday,Mist,65.4167,60.7962,75.5417,23.7563,533,3594,4127
2012-06-02,Summer,2012,Jun,No Holiday,Sat,Weekend,Clear,58.3333,56.6288,54.9167,18.656200000000002,2795,5325,8120
2012-06-03,Summer,2012,Jun,No Holiday,Sun,Weekend,Clear,60.25,57.5133,49.3333,18.4087,2494,5147,7641
2012-06-04,Summer,2012,Jun,No Holiday,Mon,Weekday,Clear,59.75,57.8283,48.7083,28.4833,1071,5927,6998
2012-06-05,Summer,2012,Jun,No Holiday,Tue,Weekday,Mist,54.0833,52.589200000000005,61.3333,20.9575,968,6033,7001
2012-06-06,Summer,2012,Jun,No Holiday,Wed,Weekday,Clear,55.4167,54.2292,61.12499999999999,7.7125,1027,6028,7055
2012-06-07,Summer,2012,Jun,No Holiday,Thu,Weekday,Clear,60.25,56.9442,56.7083,15.735,1038,6456,7494
2012-06-08,Summer,2012,Jun,No Holiday,Fri,Weekday,Clear,64.9167,59.7862,46.791700000000006,17.5383,1488,6248,7736
2012-06-09,Summer,2012,Jun,No Holiday,Sat,Weekend,Clear,71.08330000000001,64.83670000000001,43.7083,14.4287,2708,4790,7498
2012-06-10,Summer,2012,Jun,No Holiday,Sun,Weekend,Clear,72.66669999999999,66.35170000000001,53.833299999999994,13.372100000000001,2224,4374,6598
2012-06-11,Summer,2012,Jun,No Holiday,Mon,Weekday,Mist,72.0833,65.9721,58.791700000000006,20.7713,1017,5647,6664
2012-06-12,Summer,2012,Jun,No Holiday,Tue,Weekday,Mist,65.33330000000001,59.7875,83.3333,21.4546,477,4495,4972
2012-06-13,Summer,2012,Jun,No Holiday,Wed,Weekday,Clear,65.5833,61.1117,58.2083,34.3279,1173,6248,7421
2012-06-14,Summer,2012,Jun,No Holiday,Thu,Weekday,Clear,64.83330000000001,62.438300000000005,56.958299999999994,25.3733,1180,6183,7363
2012-06-15,Summer,2012,Jun,No Holiday,Fri,Weekday,Clear,63.916700000000006,59.9754,58.958299999999994,17.6617,1563,6102,7665
2012-06-16,Summer,2012,Jun,No Holiday,Sat,Weekend,Clear,63.1667,59.470800000000004,50.416700000000006,16.666700000000002,2963,4739,7702
2012-06-17,Summer,2012,Jun,No Holiday,Sun,Weekend,Clear,59.25,57.1975,59.875,14.490400000000001,2634,4344,6978
2012-06-18,Summer,2012,Jun,No Holiday,Mon,Weekday,Mist,56.833299999999994,54.4842,77.79169999999999,17.474600000000002,653,4446,5099
2012-06-19,Summer,2012,Jun,No Holiday,Tue,Weekday,Clear,68.8333,65.4692,69.0,14.8017,968,5857,6825
2012-06-20,Summer,2012,Jun,No Holiday,Wed,Weekday,Clear,78.25,72.0975,59.2083,11.3812,872,5339,6211
2012-06-21,Fall,2012,Jun,No Holiday,Thu,Weekday,Clear,80.58330000000001,75.2542,56.7917,11.8787,778,5127,5905
2012-06-22,Fall,2012,Jun,No Holiday,Fri,Weekday,Clear,77.75,72.4121,57.375,18.284200000000002,964,4859,5823
2012-06-23,Fall,2012,Jun,No Holiday,Sat,Weekend,Clear,73.16669999999999,65.2792,53.4583,17.972099999999998,2657,4801,7458
2012-06-24,Fall,2012,Jun,No Holiday,Sun,Weekend,Clear,74.33330000000001,67.4254,47.9167,14.552499999999998,2551,4340,6891
2012-06-25,Fall,2012,Jun,No Holiday,Mon,Weekday,Clear,71.58330000000001,65.4042,50.416700000000006,30.0383,1139,5640,6779
2012-06-26,Fall,2012,Jun,No Holiday,Tue,Weekday,Clear,63.083299999999994,59.4704,37.3333,34.7642,1077,6365,7442
2012-06-27,Fall,2012,Jun,No Holiday,Wed,Weekday,Clear,69.75,64.0792,36.0,27.1775,1077,6258,7335
2012-06-28,Fall,2012,Jun,No Holiday,Thu,Weekday,Clear,74.9167,67.5512,42.25,17.165,921,5958,6879
2012-06-29,Fall,2012,Jun,No Holiday,Fri,Weekday,Clear,83.4167,78.6613,48.875,16.541700000000002,829,4634,5463
2012-06-30,Fall,2012,Jun,No Holiday,Sat,Weekend,Clear,76.5,68.7508,60.12499999999999,16.1071,1455,4232,5687
2012-07-01,Fall,2012,Jul,No Holiday,Sun,Weekend,Clear,81.58330000000001,75.0629,51.87500000000001,16.8529,1421,4110,5531
2012-07-02,Fall,2012,Jul,No Holiday,Mon,Weekday,Clear,78.1667,70.2038,44.7083,19.526699999999998,904,5323,6227
2012-07-03,Fall,2012,Jul,No Holiday,Tue,Weekday,Clear,78.0833,70.265,49.2083,12.6237,1052,5608,6660
2012-07-04,Fall,2012,Jul,Holiday,Wed,Weekend,Clear,78.91669999999999,73.2337,53.87499999999999,13.495,2562,4841,7403
2012-07-05,Fall,2012,Jul,No Holiday,Thu,Weekday,Clear,82.75,76.1367,45.7917,19.402900000000002,1405,4836,6241
2012-07-06,Fall,2012,Jul,No Holiday,Fri,Weekday,Clear,82.8333,75.2533,45.0833,14.6142,1366,4841,6207
2012-07-07,Fall,2012,Jul,No Holiday,Sat,Weekend,Clear,86.16669999999999,80.4913,49.2083,16.3554,1448,3392,4840
2012-07-08,Fall,2012,Jul,No Holiday,Sun,Weekend,Clear,82.25,79.0396,57.375,12.562899999999999,1203,3469,4672
2012-07-09,Fall,2012,Jul,No Holiday,Mon,Weekday,Mist,71.08330000000001,65.4054,68.3333,18.0975,998,5571,6569
2012-07-10,Fall,2012,Jul,No Holiday,Tue,Weekday,Mist,72.0833,66.4796,66.75,15.1737,954,5336,6290
2012-07-11,Fall,2012,Jul,No Holiday,Wed,Weekday,Clear,71.6667,65.0271,63.3333,15.173300000000001,975,6289,7264
2012-07-12,Fall,2012,Jul,No Holiday,Thu,Weekday,Clear,71.58330000000001,65.4683,52.9583,14.677499999999998,1032,6414,7446
2012-07-13,Fall,2012,Jul,No Holiday,Fri,Weekday,Mist,73.16669999999999,66.7933,48.5833,8.085,1511,5988,7499
2012-07-14,Fall,2012,Jul,No Holiday,Sat,Weekend,Mist,70.3333,66.6042,69.91669999999999,14.3679,2355,4614,6969
2012-07-15,Fall,2012,Jul,No Holiday,Sun,Weekend,Clear,74.5833,70.51960000000001,71.7917,16.666700000000002,1920,4111,6031
2012-07-16,Fall,2012,Jul,No Holiday,Mon,Weekday,Clear,76.33330000000001,72.41250000000001,64.5,16.4187,1088,5742,6830
2012-07-17,Fall,2012,Jul,No Holiday,Tue,Weekday,Clear,81.8333,75.5683,50.583299999999994,11.4429,921,5865,6786
2012-07-18,Fall,2012,Jul,No Holiday,Wed,Weekday,Clear,79.3333,74.5583,57.7083,13.744200000000001,799,4914,5713
2012-07-19,Fall,2012,Jul,No Holiday,Thu,Weekday,Clear,77.0,71.4642,60.0417,16.5429,888,5703,6591
2012-07-20,Fall,2012,Jul,No Holiday,Fri,Weekday,Mist,66.5833,61.3025,84.4167,20.896700000000003,747,5123,5870
2012-07-21,Fall,2012,Jul,No Holiday,Sat,Weekend,Light Rain,59.583299999999994,54.99119999999999,86.5417,21.33,1264,3195,4459
2012-07-22,Fall,2012,Jul,No Holiday,Sun,Weekend,Mist,66.75,62.31250000000001,76.25,9.39208,2544,4866,7410
2012-07-23,Fall,2012,Jul,No Holiday,Mon,Weekday,Clear,74.16669999999999,69.0017,69.41669999999999,13.8683,1135,5831,6966
2012-07-24,Fall,2012,Jul,No Holiday,Tue,Weekday,Clear,75.0833,70.645,65.5,21.1454,1140,6452,7592
2012-07-25,Fall,2012,Jul,No Holiday,Wed,Weekday,Clear,72.4167,65.4054,45.0,16.48,1383,6790,8173
2012-07-26,Fall,2012,Jul,No Holiday,Thu,Weekday,Clear,77.6667,73.9263,59.66669999999999,28.481299999999997,1036,5825,6861
2012-07-27,Fall,2012,Jul,No Holiday,Fri,Weekday,Clear,78.1667,73.4217,59.458299999999994,15.299199999999999,1259,5645,6904
2012-07-28,Fall,2012,Jul,No Holiday,Sat,Weekend,Clear,75.5833,69.7604,61.3333,15.735,2234,4451,6685
2012-07-29,Fall,2012,Jul,No Holiday,Sun,Weekend,Clear,72.16669999999999,66.7933,62.375,17.0396,2153,4444,6597
2012-07-30,Fall,2012,Jul,No Holiday,Mon,Weekday,Clear,73.0833,68.4987,66.875,15.3617,1040,6065,7105
2012-07-31,Fall,2012,Jul,No Holiday,Tue,Weekday,Clear,71.3333,66.28960000000001,70.41669999999999,16.5425,968,6248,7216
2012-08-01,Fall,2012,Aug,No Holiday,Wed,Weekday,Clear,71.75,66.7308,67.75,14.1179,1074,6506,7580
2012-08-02,Fall,2012,Aug,No Holiday,Thu,Weekday,Clear,75.25,70.70880000000001,65.95830000000001,12.9354,983,6278,7261
2012-08-03,Fall,2012,Aug,No Holiday,Fri,Weekday,Mist,76.5833,72.28670000000001,64.25,21.5792,1328,5847,7175
2012-08-04,Fall,2012,Aug,No Holiday,Sat,Weekend,Clear,79.3333,75.1267,61.3333,25.745800000000003,2345,4479,6824
2012-08-05,Fall,2012,Aug,No Holiday,Sun,Weekend,Clear,76.9167,73.1079,65.25,29.042099999999998,1707,3757,5464
2012-08-06,Fall,2012,Aug,No Holiday,Mon,Weekday,Mist,75.25,71.0246,65.4167,12.9354,1233,5780,7013
2012-08-07,Fall,2012,Aug,No Holiday,Tue,Weekday,Mist,73.5833,69.7621,70.375,11.6908,1278,5995,7273
2012-08-08,Fall,2012,Aug,No Holiday,Wed,Weekday,Mist,75.0,70.77170000000001,67.29169999999999,11.07,1263,6271,7534
2012-08-09,Fall,2012,Aug,No Holiday,Thu,Weekday,Clear,75.5833,69.9508,62.0417,15.61,1196,6090,7286
2012-08-10,Fall,2012,Aug,No Holiday,Fri,Weekday,Mist,71.58330000000001,66.7942,71.58330000000001,23.8813,1065,4721,5786
2012-08-11,Fall,2012,Aug,No Holiday,Sat,Weekend,Mist,69.25,63.8267,73.2917,20.6479,2247,4052,6299
2012-08-12,Fall,2012,Aug,No Holiday,Sun,Weekend,Clear,70.08330000000001,64.4579,53.041700000000006,12.251199999999999,2182,4362,6544
2012-08-13,Fall,2012,Aug,No Holiday,Mon,Weekday,Clear,72.0833,66.22540000000001,54.541700000000006,13.6212,1207,5676,6883
2012-08-14,Fall,2012,Aug,No Holiday,Tue,Weekday,Clear,72.66669999999999,67.67790000000001,68.6667,16.9158,1128,5656,6784
2012-08-15,Fall,2012,Aug,No Holiday,Wed,Weekday,Clear,70.6667,65.4037,61.9583,16.9771,1198,6149,7347
2012-08-16,Fall,2012,Aug,No Holiday,Thu,Weekday,Clear,71.9167,65.4688,51.916700000000006,14.1796,1338,6267,7605
2012-08-17,Fall,2012,Aug,No Holiday,Fri,Weekday,Clear,72.3333,24.240000000000002,57.0833,23.1354,1483,5665,7148
2012-08-18,Fall,2012,Aug,No Holiday,Sat,Weekend,Clear,67.8333,61.807100000000005,60.3333,17.7867,2827,5038,7865
2012-08-19,Fall,2012,Aug,No Holiday,Sun,Weekend,Mist,63.5833,60.3554,71.1667,8.645,1208,3341,4549
2012-08-20,Fall,2012,Aug,No Holiday,Mon,Weekday,Mist,63.5833,59.596700000000006,73.4167,12.997900000000001,1026,5504,6530
2012-08-21,Fall,2012,Aug,No Holiday,Tue,Weekday,Clear,64.9167,60.102500000000006,67.375,7.27708,1081,5925,7006
2012-08-22,Fall,2012,Aug,No Holiday,Wed,Weekday,Clear,66.75,62.1854,67.7083,7.02833,1094,6281,7375
2012-08-23,Fall,2012,Aug,No Holiday,Thu,Weekday,Clear,69.58330000000001,63.7008,63.5833,8.459579999999999,1363,6402,7765
2012-08-24,Fall,2012,Aug,No Holiday,Fri,Weekday,Mist,70.25,64.71000000000001,61.5,7.21458,1325,6257,7582
2012-08-25,Fall,2012,Aug,No Holiday,Sat,Weekend,Mist,66.1667,61.869600000000005,71.2917,24.4408,1829,4224,6053
2012-08-26,Fall,2012,Aug,No Holiday,Sun,Weekend,Mist,65.33330000000001,59.599599999999995,84.5833,22.8858,1483,3772,5255
2012-08-27,Fall,2012,Aug,No Holiday,Mon,Weekday,Clear,70.3333,65.4688,73.04169999999999,12.873299999999999,989,5928,6917
2012-08-28,Fall,2012,Aug,No Holiday,Tue,Weekday,Clear,72.8333,66.605,62.0,19.0925,935,6105,7040
2012-08-29,Fall,2012,Aug,No Holiday,Wed,Weekday,Clear,68.5,63.573299999999996,55.2083,11.2562,1177,6520,7697
2012-08-30,Fall,2012,Aug,No Holiday,Thu,Weekday,Clear,70.6667,65.2779,59.0417,7.71167,1172,6541,7713
2012-08-31,Fall,2012,Aug,No Holiday,Fri,Weekday,Clear,76.4167,68.94,58.75,16.853299999999997,1433,5917,7350
2012-09-01,Fall,2012,Sep,No Holiday,Sat,Weekend,Mist,75.33330000000001,70.2654,63.8333,11.3187,2352,3788,6140
2012-09-02,Fall,2012,Sep,No Holiday,Sun,Weekend,Mist,69.6667,64.9,81.5,6.40708,2613,3197,5810
2012-09-03,Fall,2012,Sep,Holiday,Mon,Weekend,Clear,70.75,66.16290000000001,79.0833,15.1121,1965,4069,6034
2012-09-04,Fall,2012,Sep,No Holiday,Tue,Weekday,Clear,72.5833,68.6888,75.5,23.6321,867,5997,6864
2012-09-05,Fall,2012,Sep,No Holiday,Wed,Weekday,Clear,73.66669999999999,70.8983,74.125,18.7808,832,6280,7112
2012-09-06,Fall,2012,Sep,No Holiday,Thu,Weekday,Mist,69.6667,65.53290000000001,81.0417,14.242099999999999,611,5592,6203
2012-09-07,Fall,2012,Sep,No Holiday,Fri,Weekday,Clear,70.3333,65.7204,73.625,17.1646,1045,6459,7504
2012-09-08,Fall,2012,Sep,No Holiday,Sat,Weekend,Mist,65.91669999999999,61.112100000000005,79.91669999999999,28.110400000000002,1557,4419,5976
2012-09-09,Fall,2012,Sep,No Holiday,Sun,Weekend,Clear,61.0,57.892500000000005,54.75,22.4496,2570,5657,8227
2012-09-10,Fall,2012,Sep,No Holiday,Mon,Weekday,Clear,58.3333,56.5654,50.375,25.8713,1118,6407,7525
2012-09-11,Fall,2012,Sep,No Holiday,Tue,Weekday,Clear,57.75,55.4292,52.0,9.20542,1070,6697,7767
2012-09-12,Fall,2012,Sep,No Holiday,Wed,Weekday,Clear,59.9167,57.0075,57.7083,13.1846,1050,6820,7870
2012-09-13,Fall,2012,Sep,No Holiday,Thu,Weekday,Clear,61.25000000000001,57.9558,63.708299999999994,8.272079999999999,1054,6750,7804
2012-09-14,Fall,2012,Sep,No Holiday,Fri,Weekday,Clear,63.3333,59.408300000000004,67.25,10.3863,1379,6630,8009
2012-09-15,Fall,2012,Sep,No Holiday,Sat,Weekend,Clear,60.8333,58.5867,50.1667,24.7521,3160,5554,8714
2012-09-16,Fall,2012,Sep,No Holiday,Sun,Weekend,Clear,57.99999999999999,56.3125,56.99999999999999,9.018329999999999,2166,5167,7333
2012-09-17,Fall,2012,Sep,No Holiday,Mon,Weekday,Mist,58.0833,55.30500000000001,73.4583,15.174199999999999,1022,5847,6869
2012-09-18,Fall,2012,Sep,No Holiday,Tue,Weekday,Mist,62.3333,56.506699999999995,87.25,35.7587,371,3702,4073
2012-09-19,Fall,2012,Sep,No Holiday,Wed,Weekday,Clear,55.25,54.0404,53.6667,21.517500000000002,788,6803,7591
2012-09-20,Fall,2012,Sep,No Holiday,Thu,Weekday,Clear,54.6667,53.2192,61.8333,11.816699999999999,939,6781,7720
2012-09-21,Fall,2012,Sep,No Holiday,Fri,Weekday,Clear,59.9167,57.1971,66.875,15.4229,1250,6917,8167
2012-09-22,Fall,2012,Sep,No Holiday,Sat,Weekend,Clear,65.0,61.0488,64.6667,28.358299999999996,2512,5883,8395
2012-09-23,Winter,2012,Sep,No Holiday,Sun,Weekend,Clear,52.916700000000006,51.893299999999996,46.7083,22.3258,2454,5453,7907
2012-09-24,Winter,2012,Sep,No Holiday,Mon,Weekday,Clear,51.416700000000006,50.2513,49.2917,14.240400000000001,1001,6435,7436
2012-09-25,Winter,2012,Sep,No Holiday,Tue,Weekday,Clear,55.00000000000001,54.417899999999996,56.99999999999999,23.6321,845,6693,7538
2012-09-26,Winter,2012,Sep,No Holiday,Wed,Weekday,Clear,63.5,59.6613,63.083299999999994,24.44,787,6946,7733
2012-09-27,Winter,2012,Sep,No Holiday,Thu,Weekday,Mist,65.0,60.79750000000001,69.08330000000001,13.434199999999999,751,6642,7393
2012-09-28,Winter,2012,Sep,No Holiday,Fri,Weekday,Mist,61.916700000000006,58.5863,69.0,16.4179,1045,6370,7415
2012-09-29,Winter,2012,Sep,No Holiday,Sat,Weekend,Clear,54.25,53.0296,54.2917,22.7604,2589,5966,8555
2012-09-30,Winter,2012,Sep,No Holiday,Sun,Weekend,Clear,52.6667,51.7663,58.3333,13.4958,2015,4874,6889
2012-10-01,Winter,2012,Oct,No Holiday,Mon,Weekday,Mist,52.0833,51.2,64.9167,9.08042,763,6015,6778
2012-10-02,Winter,2012,Oct,No Holiday,Tue,Weekday,Light Rain,59.08330000000001,54.23329999999999,87.16669999999999,10.4475,315,4324,4639
2012-10-03,Winter,2012,Oct,No Holiday,Wed,Weekday,Mist,65.75,59.9133,79.375,6.65458,728,6844,7572
2012-10-04,Winter,2012,Oct,No Holiday,Thu,Weekday,Mist,65.75,60.79750000000001,72.2917,11.7546,891,6437,7328
2012-10-05,Winter,2012,Oct,No Holiday,Fri,Weekday,Clear,61.5,58.0187,62.74999999999999,10.635,1516,6640,8156
2012-10-06,Winter,2012,Oct,No Holiday,Sat,Weekend,Clear,55.4167,53.8521,66.41669999999999,26.802500000000002,3031,4934,7965
2012-10-07,Winter,2012,Oct,No Holiday,Sun,Weekend,Mist,41.5833,41.9813,70.8333,14.116200000000001,781,2729,3510
2012-10-08,Winter,2012,Oct,Holiday,Mon,Weekend,Mist,38.3333,38.7608,70.9583,18.9679,874,4604,5478
2012-10-09,Winter,2012,Oct,No Holiday,Tue,Weekday,Mist,44.6667,43.8112,76.16669999999999,19.03,601,5791,6392
2012-10-10,Winter,2012,Oct,No Holiday,Wed,Weekday,Clear,51.416700000000006,50.3142,63.083299999999994,18.7821,780,6911,7691
2012-10-11,Winter,2012,Oct,No Holiday,Thu,Weekday,Clear,43.5,43.1167,46.3333,18.1596,834,6736,7570
2012-10-12,Winter,2012,Oct,No Holiday,Fri,Weekday,Clear,43.75,43.3071,53.91669999999999,23.5092,1060,6222,7282
2012-10-13,Winter,2012,Oct,No Holiday,Sat,Weekend,Clear,39.3333,39.1396,49.4583,14.6142,2252,4857,7109
2012-10-14,Winter,2012,Oct,No Holiday,Sun,Weekend,Clear,52.1667,50.8204,64.0417,27.861200000000004,2080,4559,6639
2012-10-15,Winter,2012,Oct,No Holiday,Mon,Weekday,Mist,56.166700000000006,53.915,70.75,29.6037,760,5115,5875
2012-10-16,Winter,2012,Oct,No Holiday,Tue,Weekday,Clear,46.8333,46.084599999999995,55.833299999999994,18.2221,922,6612,7534
2012-10-17,Winter,2012,Oct,No Holiday,Wed,Weekday,Clear,45.5833,45.0108,69.2917,10.1371,979,6482,7461
2012-10-18,Winter,2012,Oct,No Holiday,Thu,Weekday,Mist,52.25,51.2625,72.8333,23.6937,1008,6501,7509
2012-10-19,Winter,2012,Oct,No Holiday,Fri,Weekday,Mist,56.333299999999994,53.78960000000001,81.5,13.495399999999998,753,4671,5424
2012-10-20,Winter,2012,Oct,No Holiday,Sat,Weekend,Clear,48.4167,47.2842,57.2917,11.7537,2806,5284,8090
2012-10-21,Winter,2012,Oct,No Holiday,Sun,Weekend,Clear,46.4167,45.6429,51.0,16.6054,2132,4692,6824
2012-10-22,Winter,2012,Oct,No Holiday,Mon,Weekday,Clear,48.75,48.2942,56.833299999999994,8.14833,830,6228,7058
2012-10-23,Winter,2012,Oct,No Holiday,Tue,Weekday,Clear,54.4167,53.0304,64.16669999999999,9.45458,841,6625,7466
2012-10-24,Winter,2012,Oct,No Holiday,Wed,Weekday,Clear,58.75,55.8721,63.625,7.27792,795,6898,7693
2012-10-25,Winter,2012,Oct,No Holiday,Thu,Weekday,Mist,55.00000000000001,52.9688,80.0417,12.4375,875,6484,7359
2012-10-26,Winter,2012,Oct,No Holiday,Fri,Weekday,Mist,54.5833,52.275000000000006,80.7083,13.2467,1182,6262,7444
2012-10-27,Winter,2012,Oct,No Holiday,Sat,Weekend,Mist,53.0,51.513299999999994,72.0,23.569200000000002,2643,5209,7852
2012-10-28,Winter,2012,Oct,No Holiday,Sun,Weekend,Mist,47.75,46.7771,69.4583,39.800799999999995,998,3461,4459
2012-10-29,Winter,2012,Oct,No Holiday,Mon,Weekday,Light Rain,44.0,43.94,88.0,35.82,2,20,22
2012-10-30,Winter,2012,Oct,No Holiday,Tue,Weekday,Mist,31.8182,30.9909,82.5455,21.3009,87,1009,1096
2012-10-31,Winter,2012,Oct,No Holiday,Wed,Weekday,Mist,35.75,36.11,66.6667,16.666700000000002,419,5147,5566
2012-11-01,Winter,2012,Nov,No Holiday,Thu,Weekday,Mist,36.5833,36.9942,58.166700000000006,15.734600000000002,466,5520,5986
2012-11-02,Winter,2012,Nov,No Holiday,Fri,Weekday,Clear,35.5,35.604200000000006,52.208299999999994,26.6175,618,5229,5847
2012-11-03,Winter,2012,Nov,No Holiday,Sat,Weekend,Mist,34.3333,32.3846,49.125,27.0529,1029,4109,5138
2012-11-04,Winter,2012,Nov,No Holiday,Sun,Weekend,Clear,32.5833,32.9538,53.2917,17.9108,1201,3906,5107
2012-11-05,Winter,2012,Nov,No Holiday,Mon,Weekday,Clear,31.9167,30.807499999999997,49.416700000000006,23.6325,378,4881,5259
2012-11-06,Winter,2012,Nov,No Holiday,Tue,Weekday,Clear,28.0833,28.1567,56.7083,17.3513,466,5220,5686
2012-11-07,Winter,2012,Nov,No Holiday,Wed,Weekday,Mist,29.5833,27.4621,54.75,30.4108,326,4709,5035
2012-11-08,Winter,2012,Nov,No Holiday,Thu,Weekday,Clear,35.2174,34.1891,33.3478,34.783500000000004,340,4975,5315
2012-11-09,Winter,2012,Nov,No Holiday,Fri,Weekday,Clear,36.1667,35.5413,54.0833,21.4558,709,5283,5992
2012-11-10,Winter,2012,Nov,No Holiday,Sat,Weekend,Clear,38.9167,39.393699999999995,64.5417,5.78458,2090,4446,6536
2012-11-11,Winter,2012,Nov,No Holiday,Sun,Weekend,Clear,42.0833,42.1713,65.91669999999999,12.75,2290,4562,6852
2012-11-12,Winter,2012,Nov,Holiday,Mon,Weekend,Clear,48.5,47.5383,74.16669999999999,17.3517,1097,5172,6269
2012-11-13,Winter,2012,Nov,No Holiday,Tue,Weekday,Mist,34.3333,32.3225,66.29169999999999,34.2046,327,3767,4094
2012-11-14,Winter,2012,Nov,No Holiday,Wed,Weekday,Clear,28.916700000000002,28.1563,55.2083,19.9625,373,5122,5495
2012-11-15,Winter,2012,Nov,No Holiday,Thu,Weekday,Mist,32.1667,32.4492,62.0417,15.298700000000002,320,5125,5445
2012-11-16,Winter,2012,Nov,No Holiday,Fri,Weekday,Clear,34.5,34.7204,52.4583,17.102500000000003,484,5214,5698
2012-11-17,Winter,2012,Nov,No Holiday,Sat,Weekend,Clear,32.5,32.6383,54.541700000000006,17.9729,1313,4316,5629
2012-11-18,Winter,2012,Nov,No Holiday,Sun,Weekend,Clear,34.25,33.7746,69.2917,22.761200000000002,922,3747,4669
2012-11-19,Winter,2012,Nov,No Holiday,Mon,Weekday,Mist,38.083299999999994,37.5621,62.3333,23.5067,449,5050,5499
2012-11-20,Winter,2012,Nov,No Holiday,Tue,Weekday,Mist,37.416700000000006,38.0667,68.5,8.2725,534,5100,5634
2012-11-21,Winter,2012,Nov,No Holiday,Wed,Weekday,Clear,35.3333,36.4892,61.375,10.3246,615,4531,5146
2012-11-22,Winter,2012,Nov,Holiday,Thu,Weekend,Clear,34.0,35.037099999999995,58.0417,5.2870800000000004,955,1470,2425
2012-11-23,Winter,2012,Nov,No Holiday,Fri,Weekday,Clear,36.8333,37.8779,56.875,14.802100000000001,1603,2307,3910
2012-11-24,Winter,2012,Nov,No Holiday,Sat,Weekend,Clear,27.8333,24.8742,40.4583,37.6871,532,1745,2277
2012-11-25,Winter,2012,Nov,No Holiday,Sun,Weekend,Clear,24.5833,25.758300000000002,46.8333,15.049999999999999,309,2115,2424
2012-11-26,Winter,2012,Nov,No Holiday,Mon,Weekday,Clear,31.333299999999998,33.900400000000005,53.541700000000006,4.665,337,4750,5087
2012-11-27,Winter,2012,Nov,No Holiday,Tue,Weekday,Mist,29.166700000000002,28.1558,78.6667,23.7562,123,3836,3959
2012-11-28,Winter,2012,Nov,No Holiday,Wed,Weekday,Clear,29.666700000000002,28.976200000000002,50.625,21.0821,198,5062,5260
2012-11-29,Winter,2012,Nov,No Holiday,Thu,Weekday,Clear,28.087,29.842200000000002,55.565200000000004,11.5522,243,5080,5323
2012-11-30,Winter,2012,Nov,No Holiday,Fri,Weekday,Clear,29.8333,32.386700000000005,64.95830000000001,5.84708,362,5306,5668
2012-12-01,Winter,2012,Dec,No Holiday,Sat,Weekend,Mist,29.8333,31.6904,80.6667,5.97042,951,4240,5191
2012-12-02,Winter,2012,Dec,No Holiday,Sun,Weekend,Mist,34.75,35.9208,82.3333,12.4379,892,3757,4649
2012-12-03,Winter,2012,Dec,No Holiday,Mon,Weekday,Clear,45.25,45.5796,76.75,8.272079999999999,555,5679,6234
2012-12-04,Winter,2012,Dec,No Holiday,Tue,Weekday,Clear,47.5833,46.9054,73.375,17.4129,551,6055,6606
2012-12-05,Winter,2012,Dec,No Holiday,Wed,Weekday,Clear,43.833299999999994,42.8012,48.5,32.4021,331,5398,5729
2012-12-06,Winter,2012,Dec,No Holiday,Thu,Weekday,Clear,25.583299999999998,25.8204,50.875,17.4754,340,5035,5375
2012-12-07,Winter,2012,Dec,No Holiday,Fri,Weekday,Mist,32.0833,32.195800000000006,76.4167,13.059999999999999,349,4659,5008
2012-12-08,Winter,2012,Dec,No Holiday,Sat,Weekend,Mist,38.1667,38.9508,91.125,10.1379,1153,4429,5582
2012-12-09,Winter,2012,Dec,No Holiday,Sun,Weekend,Mist,38.4167,39.0146,90.5417,15.797500000000001,441,2787,3228
2012-12-10,Winter,2012,Dec,No Holiday,Mon,Weekday,Mist,43.5833,43.5575,92.5,19.0308,329,4841,5170
2012-12-11,Winter,2012,Dec,No Holiday,Tue,Weekday,Mist,35.3333,33.8363,59.66669999999999,29.6037,282,5219,5501
2012-12-12,Winter,2012,Dec,No Holiday,Wed,Weekday,Mist,29.75,29.7338,53.833299999999994,16.2937,310,5009,5319
2012-12-13,Winter,2012,Dec,No Holiday,Thu,Weekday,Clear,29.5833,29.4188,48.5833,17.4129,425,5107,5532
2012-12-14,Winter,2012,Dec,No Holiday,Fri,Weekday,Clear,28.1667,29.4192,64.29169999999999,13.122900000000001,429,5182,5611
2012-12-15,Winter,2012,Dec,No Holiday,Sat,Weekend,Clear,32.4167,33.8383,65.0417,10.635,767,4280,5047
2012-12-16,Winter,2012,Dec,No Holiday,Sun,Weekend,Mist,36.25,36.9938,83.875,10.0742,538,3248,3786
2012-12-17,Winter,2012,Dec,No Holiday,Mon,Weekday,Mist,39.3333,40.150000000000006,90.7083,9.82583,212,4373,4585
2012-12-18,Winter,2012,Dec,No Holiday,Tue,Weekday,Clear,41.0833,40.970800000000004,66.625,22.1404,433,5124,5557
2012-12-19,Winter,2012,Dec,No Holiday,Wed,Weekday,Clear,33.25,34.2162,62.5417,18.409200000000002,333,4934,5267
2012-12-20,Winter,2012,Dec,No Holiday,Thu,Weekday,Mist,33.0,33.521699999999996,66.79169999999999,13.2463,314,3814,4128
2012-12-21,Spring,2012,Dec,No Holiday,Fri,Weekday,Mist,32.6667,30.1767,55.666700000000006,37.438300000000005,221,3402,3623
2012-12-22,Spring,2012,Dec,No Holiday,Sat,Weekend,Clear,26.583299999999998,23.6113,44.125,40.7346,205,1544,1749
2012-12-23,Spring,2012,Dec,No Holiday,Sun,Weekend,Clear,24.5833,25.9471,51.5417,13.308300000000001,408,1379,1787
2012-12-24,Spring,2012,Dec,No Holiday,Mon,Weekday,Mist,23.1304,25.89,79.1304,7.72304,174,746,920
2012-12-25,Spring,2012,Dec,Holiday,Tue,Weekend,Mist,29.1304,29.446499999999997,73.47829999999999,16.8726,440,573,1013
2012-12-26,Spring,2012,Dec,No Holiday,Wed,Weekday,Light Rain,24.333299999999998,22.0333,82.3333,31.6546,9,432,441
2012-12-27,Spring,2012,Dec,No Holiday,Thu,Weekday,Mist,25.4167,22.6642,65.29169999999999,35.0133,247,1867,2114
2012-12-28,Spring,2012,Dec,No Holiday,Fri,Weekday,Mist,25.333299999999998,25.5046,59.0,15.5471,644,2451,3095
2012-12-29,Spring,2012,Dec,No Holiday,Sat,Weekend,Mist,25.333299999999998,24.240000000000002,75.29169999999999,12.4383,159,1182,1341
2012-12-30,Spring,2012,Dec,No Holiday,Sun,Weekend,Clear,25.583299999999998,23.169999999999998,48.3333,35.0754,364,1432,1796
2012-12-31,Spring,2012,Dec,No Holiday,Mon,Weekday,Mist,21.5833,22.3487,57.75,15.4846,439,2290,2729
